Symbol,old_theme,new_theme,old_confidence,new_confidence,needs_review,company_name,sector,industry,brokers,motilal_present,trendlyne_post_url,trendlyne_stock_url,descriptions
OSWALPUMPS,LO-Consumer Durables & Home Upgrades,Agri Inputs & Farm Value Chain,0.58,0.9,False,Oswal Pumps Ltd.,General Industrials,Compressors,Ventura | SBI Securities,False,https://trendlyne.com/research-reports/post/OSWALPUMPS/3134742/oswal-pumps-ltd/,https://trendlyne.com/research-reports/stock/3134742/OSWALPUMPS/oswal-pumps-ltd/,"Ventura released a IPO Subscribe report for Oswal Pumps Ltd. on 12 Jun, 2025. || SBI Securities released a IPO Subscribe report for Oswal Pumps Ltd. on 10 Jun, 2025."
SHAKTIPUMP,LO-Consumer Durables & Home Upgrades,Agri Inputs & Farm Value Chain,0.58,0.9,False,Shakti Pumps (India) Ltd.,General Industrials,Compressors,Ventura | Arihant Capital | Karvy | HDFC Securities,False,https://trendlyne.com/research-reports/post/SHAKTIPUMP/1211/shakti-pumps-india-ltd/,https://trendlyne.com/research-reports/stock/1211/SHAKTIPUMP/shakti-pumps-india-ltd/,"Ventura released a Buy report for Shakti Pumps (India) Ltd. with a price target of 972.0 on 19 Jan, 2026. || Arihant Capital decreased Buy price target of Shakti Pumps (India) Ltd. to 465.0 on 13 May, 2019. || Arihant Capital released a Buy report for Shakti Pumps (India) Ltd. with a price target of 651.0 on 28 Aug, 2018. || Karvy Fundamental Company Update: Shakti Pumps (India) Ltd"
SHARDAMOTR,LO-Mobility Components & Commercial Platforms,Auto Components - Body / Thermal / Interior - Mid Cap,0.58,0.9,False,Sharda Motor Industries Ltd.,Automobiles & Auto Components,Auto,,False,https://trendlyne.com/research-reports/post/SHARDAMOTR/1769/sharda-motor-industries-ltd/,https://trendlyne.com/research-reports/stock/1769/SHARDAMOTR/sharda-motor-industries-ltd/,
STUDDS,LO-Mobility Components & Commercial Platforms,Auto Components - Body / Thermal / Interior - Mid Cap,0.58,0.9,False,Studds Accessories Ltd.,Automobiles & Auto Components,Auto,AUM Capital | Hem Securities | Ventura | SBI Securities | ICICI Direct,False,https://trendlyne.com/research-reports/post/STUDDS/3309490/studds-accessories-ltd/,https://trendlyne.com/research-reports/stock/3309490/STUDDS/studds-accessories-ltd/,"AUM Capital released a IPO Subscribe report for Studds Accessories Ltd. on 29 Oct, 2025. || Hem Securities released a IPO Subscribe report for Studds Accessories Ltd. on 29 Oct, 2025. || Ventura released a IPO Subscribe report for Studds Accessories Ltd. on 29 Oct, 2025. || SBI Securities released a IPO Subscribe report for Studds Accessories Ltd. on 28 Oct, 2025."
TENNIND,"LO-Textiles, Consumer & Export Manufacturing",Auto Components - Body / Thermal / Interior - Mid Cap,0.58,0.9,False,Tenneco Clean Air India Ltd.,Automobiles & Auto Components,Auto,Hem Securities | Deven Choksey | AUM Capital | Ventura | ICICI Direct,False,https://trendlyne.com/research-reports/post/TENNIND/3321513/tenneco-clean-air-india-ltd/,https://trendlyne.com/research-reports/stock/3321513/TENNIND/tenneco-clean-air-india-ltd/,"Hem Securities released a IPO Subscribe report for Tenneco Clean Air India Ltd. on 12 Nov, 2025. || Deven Choksey released a IPO Subscribe report for Tenneco Clean Air India Ltd. on 12 Nov, 2025. || AUM Capital released a IPO Subscribe report for Tenneco Clean Air India Ltd. on 11 Nov, 2025. || Ventura released a IPO Subscribe report for Tenneco Clean Air India Ltd. on 11 Nov, 2025."
CARRARO,LO-Mobility Components & Commercial Platforms,Auto Components - Driveline / Chassis,0.58,0.9,False,Carraro India Ltd.,Automobiles & Auto Components,Commercial,BP Wealth | HDFC Securities | Hem Securities,False,https://trendlyne.com/research-reports/post/CARRARO/2867597/carraro-india-ltd/,https://trendlyne.com/research-reports/stock/2867597/CARRARO/carraro-india-ltd/,"BP Wealth released a Buy report for Carraro India Ltd. with a price target of 604.0 on 01 Nov, 2025. || HDFC Securities released a IPO Note report for Carraro India Ltd. on 20 Dec, 2024. || Hem Securities released a IPO Note report for Carraro India Ltd. on 20 Dec, 2024."
SUNDRMFAST,LO-Mobility Components & Commercial Platforms,Auto Components - Driveline / Chassis,0.58,0.9,False,Sundram Fasteners Ltd.,Automobiles & Auto Components,Auto,Geojit BNP Paribas | Sharekhan | Monarch Networth Capital Limited | AUM Capital,False,https://trendlyne.com/research-reports/post/SUNDRMFAST/1313/sundram-fasteners-ltd/,https://trendlyne.com/research-reports/stock/1313/SUNDRMFAST/sundram-fasteners-ltd/,"Geojit BNP Paribas released a Buy report for Sundram Fasteners Ltd. with a price target of 1190.0 on 01 Dec, 2025. || Geojit BNP Paribas released a Buy report for Sundram Fasteners Ltd. with a price target of 1190.0 on 23 May, 2025. || Sharekhan increased Buy price target of Sundram Fasteners Ltd. to 1460.0 on 27 May, 2024. || Sharekhan increased Buy price target of Sundram Fasteners Ltd. to 1369.0 on 08 Aug, 2023."
BUILDPRO,LO-Urban Infra & EPC,B2B Distribution Platforms,0.58,0.9,False,Shankara Buildpro Ltd.,Cement And Construction,Construction,,False,https://trendlyne.com/research-reports/post/BUILDPRO/3389400/shankara-buildpro-ltd/,https://trendlyne.com/research-reports/stock/3389400/BUILDPRO/shankara-buildpro-ltd/,
CRAMC,LO-Capital Markets & Wealth Platforms,Capital Markets Ecosystem - Asset Managers,0.58,0.9,False,Canara Robeco Asset Management Company Ltd.,Banking And Finance,Asset,BOB Capital Markets Ltd. | Prabhudas Lilladhar | Hem Securities | AUM Capital | Ventura | ICICI Direct | SBI Securities,False,https://trendlyne.com/research-reports/post/CRAMC/3286108/canara-robeco-asset-management-company-ltd/,https://trendlyne.com/research-reports/stock/3286108/CRAMC/canara-robeco-asset-management-company-ltd/,"Canara Robeco AMC (BUY): Fund performance trending better, yet not fully there || Canara Robeco AMC - Initiating Coverage - Improving fund performance, structural tailwinds to aid growth || Canara Robeco Asset Management Company (CRAMC IN)  Q2FY26 Result... || Canara Robeco Asset Management Co. (CRAMC IN)  Company Initiation..."
ICICIAMC,LO-Capital Markets & Wealth Platforms,Capital Markets Ecosystem - Asset Managers,0.58,0.9,False,ICICI Prudential Asset Management Company Ltd.,Banking And Finance,Asset,Deven Choksey | invest4Edu | Ventura | Hem Securities | IDBI Capital | SBI Securities,False,https://trendlyne.com/research-reports/post/ICICIAMC/3356197/icici-prudential-asset-management-company-ltd/,https://trendlyne.com/research-reports/stock/3356197/ICICIAMC/icici-prudential-asset-management-company-ltd/,"Deven Choksey released a IPO Subscribe report for ICICI Prudential Asset Management Company Ltd. on 12 Dec, 2025. || invest4Edu released a IPO Note report for ICICI Prudential Asset Management Company Ltd. on 12 Dec, 2025. || Ventura released a IPO Subscribe report for ICICI Prudential Asset Management Company Ltd. on 11 Dec, 2025. || Hem Securities released a IPO Subscribe report for ICICI Prudential Asset Management Company Ltd. on 10 Dec, 2025."
GROWW,LO-Capital Markets & Wealth Platforms,Capital Markets Ecosystem - Digital Finance Platforms,0.58,0.94,False,Billionbrains Garage Ventures Ltd.,Banking And Finance,Capital,Motilal Oswal | Hem Securities | AUM Capital | IDBI Capital | Ventura | ICICI Direct,True,https://trendlyne.com/research-reports/post/GROWW/3313690/billionbrains-garage-ventures-ltd/,https://trendlyne.com/research-reports/stock/3313690/GROWW/billionbrains-garage-ventures-ltd/,"Motilal Oswal increased Buy price target of Billionbrains Garage Ventures Ltd. to 190.0 on 15 Jan, 2026. || Motilal Oswal released a Buy report for Billionbrains Garage Ventures Ltd. with a price target of 185.0 on 06 Jan, 2026. || Hem Securities released a IPO Subscribe report for Billionbrains Garage Ventures Ltd. on 04 Nov, 2025. || AUM Capital released a IPO Subscribe report for Billionbrains Garage Ventures Ltd. on 03 Nov, 2025."
PINELABS,LO-Capital Markets & Wealth Platforms,Capital Markets Ecosystem - Digital Finance Platforms,0.58,0.9,False,Pine Labs Ltd.,Software & Services,Internet,Emkay | ICICI Direct | AUM Capital | IDBI Capital | Ventura | SBI Securities,False,https://trendlyne.com/research-reports/post/PINELABS/3317555/pine-labs-ltd/,https://trendlyne.com/research-reports/stock/3317555/PINELABS/pine-labs-ltd/,"Emkay increased Sell price target of Pine Labs Ltd. to 225.0 on 04 Dec, 2025. || Stiffening competitive pressure; initiate with REDUCE || ICICI Direct released a IPO Note report for Pine Labs Ltd. on 07 Nov, 2025. || AUM Capital released a IPO Subscribe report for Pine Labs Ltd. on 06 Nov, 2025."
DAMCAPITAL,LO-Capital Markets & Wealth Platforms,Capital Markets Ecosystem - Wealth & Broking,0.58,0.9,False,DAM Capital Advisors Ltd.,Banking And Finance,Capital,AUM Capital | Hem Securities | SBI Securities,False,https://trendlyne.com/research-reports/post/DAMCAPITAL/2863353/dam-capital-advisors-ltd/,https://trendlyne.com/research-reports/stock/2863353/DAMCAPITAL/dam-capital-advisors-ltd/,"AUM Capital released a IPO Subscribe report for DAM Capital Advisors Ltd. on 18 Dec, 2024. || Hem Securities released a IPO Subscribe report for DAM Capital Advisors Ltd. on 18 Dec, 2024. || SBI Securities released a IPO Subscribe report for DAM Capital Advisors Ltd. on 16 Dec, 2024."
IIFLCAPS,LO-Capital Markets & Wealth Platforms,Capital Markets Ecosystem - Wealth & Broking,0.58,0.9,False,IIFL Capital Services Ltd.,Banking And Finance,Capital,ICICI Direct | ICICI Securities Limited,False,https://trendlyne.com/research-reports/post/IIFLCAPS/166182/iifl-capital-services-ltd/,https://trendlyne.com/research-reports/stock/166182/IIFLCAPS/iifl-capital-services-ltd/,"ICICI Direct decreased Hold price target of IIFL Capital Services Ltd. to 65.0 on 27 Apr, 2023. || ICICI Direct released a Hold report for IIFL Capital Services Ltd. with a price target of 98.0 on 30 Apr, 2022. || ICICI Securities Limited released a Hold report for IIFL Capital Services Ltd. with a price target of 115.0 on 22 Oct, 2021. || ICICI Securities Limited downgraded IIFL Capital Services Ltd. to Hold with a price target of 115.0 on 25 Jul, 2021."
JSWCEMENT,LO-Materials & Resource Transition,Cement - Large Integrated,0.52,0.94,False,JSW Cement Ltd.,Cement And Construction,Cement,Motilal Oswal | Prabhudas Lilladhar | Deven Choksey | Ventura | SBI Securities,True,https://trendlyne.com/research-reports/post/JSWCEMENT/3207674/jsw-cement-ltd/,https://trendlyne.com/research-reports/stock/3207674/JSWCEMENT/jsw-cement-ltd/,"Strong volume growth; operating performance improves || JSW Cement (JSWCEMEN IN)  Q3FY26 Result Update  Robust performance driven by GGBS  BUY || Deven Choksey released a IPO Note report for JSW Cement Ltd. on 07 Aug, 2025. || Ventura released a IPO Subscribe report for JSW Cement Ltd. on 06 Aug, 2025."
CEMPRO,LO-Specialty Materials & Chemical Chain,Cement - Regional / Midcap,0.58,0.9,False,Cemindia Projects Ltd.,Cement And Construction,Construction,Asit C Mehta Investment Interrmediates | Asit C Mehta Investment Intermediates | Edelweiss | SBI Securities | Prabhudas Lilladhar | Dolat Capital,False,https://trendlyne.com/research-reports/post/CEMPRO/648/cemindia-projects-ltd/,https://trendlyne.com/research-reports/stock/648/CEMPRO/cemindia-projects-ltd/,"Asit C Mehta Investment Interrmediates released a Accumulate report for Cemindia Projects Ltd. with a price target of 758.0 on 20 Sep, 2024. || Asit C Mehta Investment Intermediates released a Accumulate report for Cemindia Projects Ltd. with a price target of 505.0 on 05 Jun, 2024. || Edelweiss increased Buy price target of Cemindia Projects Ltd. to 475.0 on 31 May, 2024. || SBI Securities released a Buy report for Cemindia Projects Ltd. with a price target of 353.0 on 21 Mar, 2024."
TMCV,LO-Mobility Components & Commercial Platforms,Commercial Vehicles,0.58,0.94,False,Tata Motors Ltd.,Automobiles & Auto Components,Commercial,Motilal Oswal | ICICI Direct | Deven Choksey,True,https://trendlyne.com/research-reports/post/TMCV/3327757/tata-motors-ltd/,https://trendlyne.com/research-reports/stock/3327757/TMCV/tata-motors-ltd/,"Motilal Oswal increased Neutral price target of Tata Motors Ltd. to 431.0 on 30 Jan, 2026. || ICICI Direct increased Buy price target of Tata Motors Ltd. to 545.0 on 30 Jan, 2026. || Motilal Oswal increased Neutral price target of Tata Motors Ltd. to 417.0 on 20 Jan, 2026. || ICICI Direct released a Buy report for Tata Motors Ltd. with a price target of 500.0 on 14 Jan, 2026."
CPPLUS,LO-Consumer Durables & Home Upgrades,Consumer Durables & Electronics,0.58,0.9,False,Aditya Infotech Ltd.,Hardware Technology & Equipment,It,ICICI Securities Limited | Ventura | SBI Securities,False,https://trendlyne.com/research-reports/post/CPPLUS/3195212/aditya-infotech-ltd/,https://trendlyne.com/research-reports/stock/3195212/CPPLUS/aditya-infotech-ltd/,"Structural growth drivers remain intact; focus on strengthening competitive advantages || ICICI Securities Limited released a Buy report for Aditya Infotech Ltd. with a price target of 1800.0 on 05 Dec, 2025. || Ventura released a IPO Subscribe report for Aditya Infotech Ltd. on 28 Jul, 2025. || SBI Securities released a IPO Avoid report for Aditya Infotech Ltd. on 25 Jul, 2025."
EBGNG,"LO-Textiles, Consumer & Export Manufacturing",Consumer Durables & Electronics,0.58,0.9,False,GNG Electronics Ltd.,Hardware Technology & Equipment,Computer,Deven Choksey | Hem Securities | Ventura | SBI Securities,False,https://trendlyne.com/research-reports/post/EBGNG/3187136/gng-electronics-ltd/,https://trendlyne.com/research-reports/stock/3187136/EBGNG/gng-electronics-ltd/,"Deven Choksey released a IPO Note report for GNG Electronics Ltd. on 23 Jul, 2025. || Hem Securities released a IPO Subscribe report for GNG Electronics Ltd. on 22 Jul, 2025. || Ventura released a IPO Subscribe report for GNG Electronics Ltd. on 22 Jul, 2025. || SBI Securities released a IPO Subscribe report for GNG Electronics Ltd. on 19 Jul, 2025."
EPACK,LO-Consumer Durables & Home Upgrades,Consumer Durables & Electronics,0.58,0.9,False,EPACK Durables Ltd.,Consumer Durables,Consumer,BOB Capital Markets Ltd. | ICICI Securities Limited | Ashika Research | HDFC Securities | Ventura | SBI Securities,False,https://trendlyne.com/research-reports/post/EPACK/1912620/epack-durables-ltd/,https://trendlyne.com/research-reports/stock/1912620/EPACK/epack-durables-ltd/,"Epack Durable (BUY): Diversification offsets AC weakness || Epack Durable (BUY): Estimate miss; client addition, diversification to aid growth || Addition of new customers augurs well for long-term value creation || Ashika Research released a IPO Note report for EPACK Durables Ltd. on 20 Jan, 2024."
LGEINDIA,LO-Consumer Durables & Home Upgrades,Consumer Durables & Electronics,0.58,0.94,False,LG Electronics India Ltd.,Consumer Durables,Consumer,ICICI Direct | ICICI Securities Limited | Motilal Oswal | Prabhudas Lilladhar | Emkay | AUM Capital,True,https://trendlyne.com/research-reports/post/LGEINDIA/3280897/lg-electronics-india-ltd/,https://trendlyne.com/research-reports/stock/3280897/LGEINDIA/lg-electronics-india-ltd/,"ICICI Direct released a Buy report for LG Electronics India Ltd. with a price target of 1725.0 on 12 Jan, 2026. || Near-term demand softness, market share gains support medium-term outlook || Market share gains amid a weak quarter; Structural growth story intact || Motilal Oswal increased Buy price target of LG Electronics India Ltd. to 1890.0 on 14 Nov, 2025."
SANOFICONR,LO-Pharma & Life Sciences (Emerging),Consumer Staples Brands,0.58,0.9,False,Sanofi Consumer Healthcare India Ltd.,Pharmaceuticals & Biotechnology,Pharmaceuticals,,False,https://trendlyne.com/research-reports/post/SANOFICONR/2638456/sanofi-consumer-healthcare-india-ltd/,https://trendlyne.com/research-reports/stock/2638456/SANOFICONR/sanofi-consumer-healthcare-india-ltd/,
KRN,LO-Consumer Durables & Home Upgrades,Cooling & Air-Conditioning,0.58,0.9,False,KRN Heat Exchanger and Refrigeration Ltd.,Commercial Services & Supplies,Electronic,Hem Securities | Ventura,False,https://trendlyne.com/research-reports/post/KRN/2656551/krn-heat-exchanger-and-refrigeration-ltd/,https://trendlyne.com/research-reports/stock/2656551/KRN/krn-heat-exchanger-and-refrigeration-ltd/,"Hem Securities released a IPO Subscribe report for KRN Heat Exchanger and Refrigeration Ltd. on 25 Sep, 2024. || Ventura released a IPO Subscribe report for KRN Heat Exchanger and Refrigeration Ltd. on 24 Sep, 2024."
AEQUS,"LO-Textiles, Consumer & Export Manufacturing","Defence, Aerospace & Strategic Manufacturing",0.58,0.9,False,,,,,False,https://trendlyne.com/research-reports/post/AEQUS/,,
DYNAMATECH,LO-Mobility Components & Commercial Platforms,"Defence, Aerospace & Strategic Manufacturing",0.58,0.94,False,Dynamatic Technologies Ltd.,General Industrials,Industrial,ICICI Securities Limited | Emkay | Motilal Oswal,True,https://trendlyne.com/research-reports/post/DYNAMATECH/351/dynamatic-technologies-ltd/,https://trendlyne.com/research-reports/stock/351/DYNAMATECH/dynamatic-technologies-ltd/,"ICICI Securities Limited downgraded Dynamatic Technologies Ltd. to Sell with a price target of 5960.0 on 08 Aug, 2025. || ICICI Securities Limited released a Buy report for Dynamatic Technologies Ltd. with a price target of 9330.0 on 09 Feb, 2025. || Dynamatic Technologies (DYTC) Q4FY18 operational performance was marginally below expect... || Dynamatic Technologies (DYTC) reported weak operational performance. While revenue remain..."
UNIMECH,"LO-Textiles, Consumer & Export Manufacturing","Defence, Aerospace & Strategic Manufacturing",0.58,0.9,False,Unimech Aerospace and Manufacturing Ltd.,General Industrials,Industrial,Anand Rathi | Hem Securities | Ventura | SBI Securities,False,https://trendlyne.com/research-reports/post/UNIMECH/2868825/unimech-aerospace-and-manufacturing-ltd/,https://trendlyne.com/research-reports/stock/2868825/UNIMECH/unimech-aerospace-and-manufacturing-ltd/,"Soft quarter; medium-term outlook remains robust; maintaining a BUY || Outlook strong; targeting Rs10bn revenue by FY29; maintaining a Buy || Precision excellence, high-quality growth potential unleashed; initiating, with a Buy || Hem Securities released a IPO Subscribe report for Unimech Aerospace and Manufacturing Ltd. on 22 Dec, 2024."
SURAKSHA,LO-Real Estate & Urban Redevelopment,Diagnostics & Pathology Chains,0.58,0.9,False,Suraksha Diagnostic Ltd.,Healthcare,Healthcare,Ventura | Hem Securities | SBI Securities,False,https://trendlyne.com/research-reports/post/SURAKSHA/2815514/suraksha-diagnostic-ltd/,https://trendlyne.com/research-reports/stock/2815514/SURAKSHA/suraksha-diagnostic-ltd/,"Ventura released a Buy report for Suraksha Diagnostic Ltd. with a price target of 395.0 on 30 May, 2025. || Hem Securities released a IPO Subscribe report for Suraksha Diagnostic Ltd. on 29 Nov, 2024. || Ventura released a IPO Subscribe report for Suraksha Diagnostic Ltd. on 28 Nov, 2024. || SBI Securities released a IPO Note report for Suraksha Diagnostic Ltd. on 27 Nov, 2024."
KSHINTL,"LO-Textiles, Consumer & Export Manufacturing","Electrical Cables, Wires & Conductors",0.58,0.82,True,KSH International Ltd.,General Industrials,Other,HDFC Securities | Hem Securities | Ventura | SBI Securities,False,https://trendlyne.com/research-reports/post/KSHINTL/3360394/ksh-international-ltd/,https://trendlyne.com/research-reports/stock/3360394/KSHINTL/ksh-international-ltd/,"HDFC Securities released a IPO Note report for KSH International Ltd. on 16 Dec, 2025. || Hem Securities released a IPO Subscribe report for KSH International Ltd. on 16 Dec, 2025. || Ventura released a IPO Subscribe report for KSH International Ltd. on 15 Dec, 2025. || SBI Securities released a IPO Note report for KSH International Ltd. on 12 Dec, 2025."
ATLANTAELE,"LO-Textiles, Consumer & Export Manufacturing",Electrical Equipment,0.58,0.9,False,Atlanta Electricals Ltd.,General Industrials,Heavy,Ventura | ICICI Direct | SBI Securities,False,https://trendlyne.com/research-reports/post/ATLANTAELE/3264361/atlanta-electricals-ltd/,https://trendlyne.com/research-reports/stock/3264361/ATLANTAELE/atlanta-electricals-ltd/,"Ventura released a IPO Subscribe report for Atlanta Electricals Ltd. on 19 Sep, 2025. || ICICI Direct released a IPO Note report for Atlanta Electricals Ltd. on 19 Sep, 2025. || SBI Securities released a IPO Subscribe report for Atlanta Electricals Ltd. on 18 Sep, 2025."
WAKEFIT,LO-Consumer Durables & Home Upgrades,Furniture-Furnishing-Paints - Mid Cap,0.58,0.9,False,Wakefit Innovations Ltd.,Diversified Consumer Services,Furniture-Furnishing,Hem Securities | HDFC Securities | Deven Choksey | Ventura | ICICI Direct | SBI Securities | IDBI Capital,False,https://trendlyne.com/research-reports/post/WAKEFIT/3349615/wakefit-innovations-ltd/,https://trendlyne.com/research-reports/stock/3349615/WAKEFIT/wakefit-innovations-ltd/,"Hem Securities released a IPO Subscribe report for Wakefit Innovations Ltd. on 09 Dec, 2025. || HDFC Securities released a IPO Note report for Wakefit Innovations Ltd. on 08 Dec, 2025. || Deven Choksey released a IPO Subscribe report for Wakefit Innovations Ltd. on 08 Dec, 2025. || Ventura released a IPO Note report for Wakefit Innovations Ltd. on 05 Dec, 2025."
NIVABUPA,LO-Insurance & Protection,General Insurance,0.58,0.94,False,Niva Bupa Health Insurance Company Ltd.,Banking And Finance,General,Motilal Oswal | ICICI Securities Limited,True,https://trendlyne.com/research-reports/post/NIVABUPA/2768807/niva-bupa-health-insurance-company-ltd/,https://trendlyne.com/research-reports/stock/2768807/NIVABUPA/niva-bupa-health-insurance-company-ltd/,"Elevated claims; operating efficiency drives a beat on combined ratio || Accelerated volume growth – a positive; managing GST cost impact key earnings determinant || Motilal Oswal decreased Buy price target of Niva Bupa Health Insurance Company Ltd. to 92.0 on 03 Nov, 2025. || Premium and earnings growth remain strong under IFRS"
AGARWALEYE,LO-Healthcare Services & MedTech,Healthcare Services Platforms,0.58,0.94,False,Dr. Agarwals Health Care Ltd.,Healthcare,Healthcare,Motilal Oswal | Hem Securities | Ventura | SBI Securities | Ashika Research,True,https://trendlyne.com/research-reports/post/AGARWALEYE/2949904/dr-agarwals-health-care-ltd/,https://trendlyne.com/research-reports/stock/2949904/AGARWALEYE/dr-agarwals-health-care-ltd/,"Motilal Oswal decreased Buy price target of Dr. Agarwals Health Care Ltd. to 565.0 on 04 Feb, 2026. || Motilal Oswal increased Buy price target of Dr. Agarwals Health Care Ltd. to 600.0 on 31 Oct, 2025. || Motilal Oswal increased Buy price target of Dr. Agarwals Health Care Ltd. to 530.0 on 28 Aug, 2025. || Motilal Oswal decreased Buy price target of Dr. Agarwals Health Care Ltd. to 460.0 on 29 May, 2025."
IKS,LO-Industrial Products & Engineering,Healthcare Services Platforms,0.58,0.94,False,Inventurus Knowledge Solutions Ltd.,Healthcare,Healthcare,Motilal Oswal | ICICI Securities Limited | Ashika Research | SBI Securities | Ventura,True,https://trendlyne.com/research-reports/post/IKS/2842042/inventurus-knowledge-solutions-ltd/,https://trendlyne.com/research-reports/stock/2842042/IKS/inventurus-knowledge-solutions-ltd/,"Motilal Oswal released a Buy report for Inventurus Knowledge Solutions Ltd. with a price target of 2109.0 on 05 Feb, 2026. || I-Sec conference takeaways: IKS Health – a unique full-stack health tech player || ICICI Securities Limited released a Hold report for Inventurus Knowledge Solutions Ltd. with a price target of 1820.0 on 10 Mar, 2025. || Ashika Research released a IPO Note report for Inventurus Knowledge Solutions Ltd. on 12 Dec, 2024."
INDGN,LO-Industrial Products & Engineering,Healthcare Services Platforms,0.58,0.94,False,Indegene Ltd.,Healthcare,Healthcare,Motilal Oswal | Monarch Networth Capital Limited | HDFC Securities | SBI Securities | Ashika Research | Ventura | Hem Securities,True,https://trendlyne.com/research-reports/post/INDGN/2242832/indegene-ltd/,https://trendlyne.com/research-reports/stock/2242832/INDGN/indegene-ltd/,"Acquisition drives growth with steady organic performance || Indegene Limited - Revolutionizing Life Sciences&#x27; Marketing Way || HDFC Securities released a IPO Note report for Indegene Ltd. on 03 May, 2024. || SBI Securities released a IPO Subscribe report for Indegene Ltd. on 03 May, 2024."
LAXMIDENTL,LO-Healthcare Services & MedTech,Healthcare Services Platforms,0.58,0.94,False,Laxmi Dental Ltd.,Healthcare,Healthcare,Motilal Oswal | Hem Securities | Ventura | SBI Securities,True,https://trendlyne.com/research-reports/post/LAXMIDENTL/2916661/laxmi-dental-ltd/,https://trendlyne.com/research-reports/stock/2916661/LAXMIDENTL/laxmi-dental-ltd/,"Mixed quarter; growth in Lab and Vedia offsets margin pressure || Motilal Oswal released a Buy report for Laxmi Dental Ltd. with a price target of 540.0 on 14 Jul, 2025. || Hem Securities released a IPO Subscribe report for Laxmi Dental Ltd. on 12 Jan, 2025. || Ventura released a IPO Subscribe report for Laxmi Dental Ltd. on 10 Jan, 2025."
JSWHL,LO-Capital Markets & Wealth Platforms,Holding Companies,0.58,0.9,False,JSW Holdings Ltd.,Diversified,Holding,,False,https://trendlyne.com/research-reports/post/JSWHL/698/jsw-holdings-ltd/,https://trendlyne.com/research-reports/stock/698/JSWHL/jsw-holdings-ltd/,
EUREKAFORB,LO-Consumer Durables & Home Upgrades,Household Appliances,0.58,0.9,False,Eureka Forbes Ltd.,Consumer Durables,Consumer,ICICI Securities Limited | East India Securities Ltd,False,https://trendlyne.com/research-reports/post/EUREKAFORB/850674/eureka-forbes-ltd/,https://trendlyne.com/research-reports/stock/850674/EUREKAFORB/eureka-forbes-ltd/,"ICICI Securities Limited increased Buy price target of Eureka Forbes Ltd. to 700.0 on 28 Nov, 2025. || Under-penetration of key categories provides long-term tailwinds || ICICI Securities Limited decreased Buy price target of Eureka Forbes Ltd. to 660.0 on 12 Aug, 2025. || A filtered strategy; service income to strengthen RoCE"
EUROPRATIK,LO-Specialty Materials & Chemical Chain,Houseware,0.58,0.9,False,Euro Pratik Sales Ltd.,Diversified Consumer Services,Furniture-Furnishing,Hem Securities | Ventura | Deven Choksey | SBI Securities,False,https://trendlyne.com/research-reports/post/EUROPRATIK/3254597/euro-pratik-sales-ltd/,https://trendlyne.com/research-reports/stock/3254597/EUROPRATIK/euro-pratik-sales-ltd/,"Hem Securities released a IPO Subscribe report for Euro Pratik Sales Ltd. on 15 Sep, 2025. || Ventura released a IPO Subscribe report for Euro Pratik Sales Ltd. on 15 Sep, 2025. || Deven Choksey released a IPO Note report for Euro Pratik Sales Ltd. on 15 Sep, 2025. || SBI Securities released a IPO Subscribe report for Euro Pratik Sales Ltd. on 12 Sep, 2025."
BAJAJHFL,LO-Housing & Retail Credit,Housing Finance,0.58,0.94,False,Bajaj Housing Finance Ltd.,Banking And Finance,Housing,Motilal Oswal | ICICI Securities Limited | Hem Securities | ICICI Direct | HDFC Securities | SBI Securities | IDBI Capital | Ashika Research,True,https://trendlyne.com/research-reports/post/BAJAJHFL/2607004/bajaj-housing-finance-ltd/,https://trendlyne.com/research-reports/stock/2607004/BAJAJHFL/bajaj-housing-finance-ltd/,"In-line quarter; focuses on scaling up non-prime portfolio || Focus on gaining market share but with emphasis on operating efficiency and credit quality || The most diversified mortgage player; Scale benefit yet to play out fully || Motilal Oswal released a Neutral report for Bajaj Housing Finance Ltd. with a price target of 120.0 on 10 Sep, 2025."
HEXT,LO-Industrial Products & Engineering,IT Services - Midcap,0.58,0.94,False,Hexaware Technologies Ltd.,Software & Services,It,Motilal Oswal,True,https://trendlyne.com/research-reports/post/HEXT/2974675/hexaware-technologies-ltd/,https://trendlyne.com/research-reports/stock/2974675/HEXT/hexaware-technologies-ltd/,"Motilal Oswal decreased Buy price target of Hexaware Technologies Ltd. to 770.0 on 05 Feb, 2026. || Motilal Oswal decreased Buy price target of Hexaware Technologies Ltd. to 850.0 on 07 Nov, 2025. || Motilal Oswal released a Buy report for Hexaware Technologies Ltd. with a price target of 950.0 on 26 May, 2025."
PACEDIGITK,LO-Digital Platforms & Internet Commerce,India Digital Stack - Connectivity & Infra,0.58,0.9,False,Pace Digitek Ltd.,Telecommunications Equipment,Telecom,ICICI Direct | Hem Securities | Ventura | SBI Securities,False,https://trendlyne.com/research-reports/post/PACEDIGITK/3271025/pace-digitek-ltd/,https://trendlyne.com/research-reports/stock/3271025/PACEDIGITK/pace-digitek-ltd/,"ICICI Direct released a IPO Note report for Pace Digitek Ltd. on 26 Sep, 2025. || Hem Securities released a IPO Subscribe report for Pace Digitek Ltd. on 25 Sep, 2025. || Ventura released a IPO Subscribe report for Pace Digitek Ltd. on 25 Sep, 2025. || SBI Securities released a IPO Note report for Pace Digitek Ltd. on 23 Sep, 2025."
RAILTEL,Media & Broadcasting Platforms,India Digital Stack - Connectivity & Infra,0.65,0.9,False,RailTel Corporation of India Ltd.,Telecom Services,Telecom,ICICI Securities Limited | HDFC Securities | Ashika Research | Angel Broking,False,https://trendlyne.com/research-reports/post/RAILTEL/424520/railtel-corporation-of-india-ltd/,https://trendlyne.com/research-reports/stock/424520/RAILTEL/railtel-corporation-of-india-ltd/,"Project business driving growth; tepid telecom services business || Project segment revenue beat; EBIT margin lower than estimated || ICICI Securities Limited downgraded RailTel Corporation of India Ltd. to Sell with a price target of 315.0 on 03 Aug, 2024. || ICICI Securities Limited decreased Buy price target of RailTel Corporation of India Ltd. to 140.0 on 21 May, 2023."
CRIZAC,LO-Digital Platforms & Internet Commerce,India Digital Stack - Consumer Internet,0.58,0.9,False,Crizac Ltd.,Diversified Consumer Services,Education,Ventura | Hem Securities | SBI Securities,False,https://trendlyne.com/research-reports/post/CRIZAC/3156545/crizac-ltd/,https://trendlyne.com/research-reports/stock/3156545/CRIZAC/crizac-ltd/,"Ventura released a IPO Subscribe report for Crizac Ltd. on 01 Jul, 2025. || Hem Securities released a IPO Subscribe report for Crizac Ltd. on 30 Jun, 2025. || SBI Securities released a IPO Subscribe report for Crizac Ltd. on 28 Jun, 2025."
FIRSTCRY,LO-Digital Platforms & Internet Commerce,India Digital Stack - Consumer Internet,0.58,0.9,False,Brainbees Solutions Ltd.,Retailing,Internet,IDBI Capital | SBI Securities | Hem Securities | Ventura | Ashika Research,False,https://trendlyne.com/research-reports/post/FIRSTCRY/2487439/brainbees-solutions-ltd/,https://trendlyne.com/research-reports/stock/2487439/FIRSTCRY/brainbees-solutions-ltd/,"IDBI Capital released a IPO Note report for Brainbees Solutions Ltd. on 06 Aug, 2024. || SBI Securities released a IPO Subscribe report for Brainbees Solutions Ltd. on 05 Aug, 2024. || Hem Securities released a IPO Subscribe report for Brainbees Solutions Ltd. on 05 Aug, 2024. || Ventura released a IPO Subscribe report for Brainbees Solutions Ltd. on 05 Aug, 2024."
MEESHO,LO-Digital Platforms & Internet Commerce,India Digital Stack - Consumer Internet,0.58,0.9,False,Meesho Ltd.,Retailing,Internet,HDFC Securities | AUM Capital | Hem Securities | IDBI Capital | ICICI Direct | SBI Securities | Ventura,False,https://trendlyne.com/research-reports/post/MEESHO/3346816/meesho-ltd/,https://trendlyne.com/research-reports/stock/3346816/MEESHO/meesho-ltd/,"HDFC Securities released a IPO Note report for Meesho Ltd. on 02 Dec, 2025. || AUM Capital released a IPO Subscribe report for Meesho Ltd. on 02 Dec, 2025. || Hem Securities released a IPO Subscribe report for Meesho Ltd. on 02 Dec, 2025. || IDBI Capital released a IPO Note report for Meesho Ltd. on 02 Dec, 2025."
PWL,LO-Housing & Retail Credit,India Digital Stack - Consumer Internet,0.58,0.9,False,Physicswallah Ltd.,Diversified Consumer Services,Education,Deven Choksey | HDFC Securities | Hem Securities | Ventura | SBI Securities,False,https://trendlyne.com/research-reports/post/PWL/3321514/physicswallah-ltd/,https://trendlyne.com/research-reports/stock/3321514/PWL/physicswallah-ltd/,"Deven Choksey released a IPO Subscribe report for Physicswallah Ltd. on 11 Nov, 2025. || HDFC Securities released a IPO Note report for Physicswallah Ltd. on 10 Nov, 2025. || Hem Securities released a IPO Subscribe report for Physicswallah Ltd. on 10 Nov, 2025. || Ventura released a IPO Note report for Physicswallah Ltd. on 10 Nov, 2025."
URBANCO,LO-Digital Platforms & Internet Commerce,India Digital Stack - Consumer Internet,0.58,0.9,False,Urban Company Ltd.,Diversified Consumer Services,Special,Mastertrust Broking &amp; Investments | AUM Capital | Ventura | ICICI Direct | Deven Choksey | Hem Securities | SBI Securities,False,https://trendlyne.com/research-reports/post/URBANCO/3246538/urban-company-ltd/,https://trendlyne.com/research-reports/stock/3246538/URBANCO/urban-company-ltd/,"Mastertrust Broking &amp; Investments released a Buy report for Urban Company Ltd. with a price target of 219.0 on 24 Sep, 2025. || AUM Capital released a IPO Subscribe report for Urban Company Ltd. on 09 Sep, 2025. || Ventura released a IPO Subscribe report for Urban Company Ltd. on 09 Sep, 2025. || ICICI Direct released a IPO Note report for Urban Company Ltd. on 09 Sep, 2025."
AMAGI,LO-Digital Platforms & Internet Commerce,India Digital Stack - Enterprise Platforms,0.58,0.9,False,Amagi Media Labs Ltd.,Software & Services,Internet,Hem Securities | Ventura | ICICI Direct | SBI Securities,False,https://trendlyne.com/research-reports/post/AMAGI/3390023/amagi-media-labs-ltd/,https://trendlyne.com/research-reports/stock/3390023/AMAGI/amagi-media-labs-ltd/,"Hem Securities released a IPO Subscribe report for Amagi Media Labs Ltd. on 13 Jan, 2026. || Ventura released a IPO Note report for Amagi Media Labs Ltd. on 12 Jan, 2026. || ICICI Direct released a IPO Note report for Amagi Media Labs Ltd. on 12 Jan, 2026. || SBI Securities released a IPO Note report for Amagi Media Labs Ltd. on 09 Jan, 2026."
CAPILLARY,LO-Digital Platforms & Internet Commerce,India Digital Stack - Enterprise Platforms,0.58,0.9,False,Capillary Technologies India Ltd.,Software & Services,It,Hem Securities | HDFC Securities | IDBI Capital | Ventura | SBI Securities | ICICI Direct,False,https://trendlyne.com/research-reports/post/CAPILLARY/3326341/capillary-technologies-india-ltd/,https://trendlyne.com/research-reports/stock/3326341/CAPILLARY/capillary-technologies-india-ltd/,"Hem Securities released a IPO Subscribe report for Capillary Technologies India Ltd. on 14 Nov, 2025. || IPO Note - Capillary Technologies India Limited - 14112025 || IDBI Capital released a IPO Subscribe report for Capillary Technologies India Ltd. on 13 Nov, 2025. || Ventura released a IPO Note report for Capillary Technologies India Ltd. on 13 Nov, 2025."
MPSLTD,Media & Broadcasting Platforms,India Digital Stack - Enterprise Platforms,0.65,0.9,False,MPS Ltd.,Commercial Services & Supplies,Publishing,Keynote Capitals Ltd | Dolat Capital,False,https://trendlyne.com/research-reports/post/MPSLTD/882/mps-ltd/,https://trendlyne.com/research-reports/stock/882/MPSLTD/mps-ltd/,"Keynote Capitals Ltd decreased Buy price target of MPS Ltd. to 2801.0 on 10 Feb, 2026. || Keynote Capitals Ltd decreased Buy price target of MPS Ltd. to 2858.0 on 21 Nov, 2025. || Keynote Capitals Ltd decreased Buy price target of MPS Ltd. to 2881.0 on 23 Jul, 2025. || Keynote Capitals Ltd decreased Buy price target of MPS Ltd. to 2941.0 on 20 May, 2025."
UNIECOM,LO-Digital Platforms & Internet Commerce,India Digital Stack - Enterprise Platforms,0.58,0.9,False,Unicommerce eSolutions Ltd.,Software & Services,It,IDBI Capital | SBI Securities | Hem Securities | Ventura,False,https://trendlyne.com/research-reports/post/UNIECOM/2492906/unicommerce-esolutions-ltd/,https://trendlyne.com/research-reports/stock/2492906/UNIECOM/unicommerce-esolutions-ltd/,"IDBI Capital released a IPO Note report for Unicommerce eSolutions Ltd. on 06 Aug, 2024. || SBI Securities released a IPO Subscribe report for Unicommerce eSolutions Ltd. on 05 Aug, 2024. || Hem Securities released a IPO Subscribe report for Unicommerce eSolutions Ltd. on 05 Aug, 2024. || Ventura released a IPO Subscribe report for Unicommerce eSolutions Ltd. on 05 Aug, 2024."
EPACKPEB,LO-Urban Infra & EPC,Industrial Engineering,0.58,0.9,False,EPack Prefab Technologies Ltd.,Cement And Construction,Construction,Ventura | SBI Securities,False,https://trendlyne.com/research-reports/post/EPACKPEB/3267506/epack-prefab-technologies-ltd/,https://trendlyne.com/research-reports/stock/3267506/EPACKPEB/epack-prefab-technologies-ltd/,"Ventura released a IPO Subscribe report for EPack Prefab Technologies Ltd. on 23 Sep, 2025. || SBI Securities released a IPO Subscribe report for EPack Prefab Technologies Ltd. on 22 Sep, 2025."
INTERARCH,LO-Urban Infra & EPC,Industrial Engineering,0.58,0.9,False,Interarch Building Solutions Ltd.,Cement And Construction,Construction,ICICI Direct | HDFC Securities,False,https://trendlyne.com/research-reports/post/INTERARCH/2534275/interarch-building-solutions-ltd/,https://trendlyne.com/research-reports/stock/2534275/INTERARCH/interarch-building-solutions-ltd/,"ICICI Direct decreased Buy price target of Interarch Building Solutions Ltd. to 2850.0 on 06 Feb, 2026. || ICICI Direct increased Buy price target of Interarch Building Solutions Ltd. to 3200.0 on 11 Nov, 2025. || ICICI Direct released a Buy report for Interarch Building Solutions Ltd. with a price target of 2600.0 on 16 Oct, 2025. || IPO Note-Interarch Building Products Limited-19082024"
MBEL,LO-Consumer Durables & Home Upgrades,Industrial Engineering,0.58,0.9,False,M & B Engineering Ltd.,Metals & Mining,Iron,Ventura,False,https://trendlyne.com/research-reports/post/MBEL/3196800/m-b-engineering-ltd/,https://trendlyne.com/research-reports/stock/3196800/MBEL/m-b-engineering-ltd/,"Ventura released a IPO Subscribe report for M &amp; B Engineering Ltd. on 29 Jul, 2025."
AJAXENGG,LO-Urban Infra & EPC,Industrial Machinery - Capital Goods,0.58,0.9,False,Ajax Engineering Ltd.,Automobiles & Auto Components,Commercial,ICICI Securities Limited | Hem Securities | Ventura | Ashika Research | SBI Securities,False,https://trendlyne.com/research-reports/post/AJAXENGG/2972769/ajax-engineering-ltd/,https://trendlyne.com/research-reports/stock/2972769/AJAXENGG/ajax-engineering-ltd/,"ICICI Securities Limited released a Buy report for Ajax Engineering Ltd. with a price target of 900.0 on 16 Nov, 2025. || ICICI Securities Limited released a Buy report for Ajax Engineering Ltd. with a price target of 900.0 on 05 Aug, 2025. || Hem Securities released a IPO Subscribe report for Ajax Engineering Ltd. on 08 Feb, 2025. || Ventura released a IPO Subscribe report for Ajax Engineering Ltd. on 07 Feb, 2025."
AFCONS,LO-Urban Infra & EPC,Infra Buildout - EPC Contractors,0.58,0.9,False,Afcons Infrastructure Ltd.,Cement And Construction,Construction,ICICI Securities Limited | Hem Securities | Ventura | SBI Securities,False,https://trendlyne.com/research-reports/post/AFCONS/2734936/afcons-infrastructure-ltd/,https://trendlyne.com/research-reports/stock/2734936/AFCONS/afcons-infrastructure-ltd/,"A subpar quarter; order inflow intensity to be a monitorable || ICICI Securities Limited released a Buy report for Afcons Infrastructure Ltd. with a price target of 496.0 on 10 Aug, 2025. || Hem Securities released a IPO Note report for Afcons Infrastructure Ltd. on 24 Oct, 2024. || Ventura released a IPO Subscribe report for Afcons Infrastructure Ltd. on 24 Oct, 2024."
PATELENG,LO-Urban Infra & EPC,Infra Buildout - EPC Contractors,0.58,0.9,False,Patel Engineering Ltd.,Cement And Construction,Construction,ICICI Direct | Ventura | IDBI Capital | Hem Securities | Anand Rathi,False,https://trendlyne.com/research-reports/post/PATELENG/1010/patel-engineering-ltd/,https://trendlyne.com/research-reports/stock/1010/PATELENG/patel-engineering-ltd/,"ICICI Direct decreased Buy price target of Patel Engineering Ltd. to 45.0 on 18 Nov, 2025. || Ventura released a Buy report for Patel Engineering Ltd. with a price target of 63.0 on 29 Apr, 2025. || IDBI Capital decreased Buy price target of Patel Engineering Ltd. to 62.0 on 13 Feb, 2025. || IDBI Capital released a Buy report for Patel Engineering Ltd. with a price target of 76.0 on 09 Jan, 2025."
AEGISVOPAK,LO-Specialty Materials & Chemical Chain,Infra Buildout - Logistics Networks,0.58,0.9,False,Aegis Vopak Terminals Ltd.,Transportation,Marine,Hem Securities | SBI Securities | Ventura,False,https://trendlyne.com/research-reports/post/AEGISVOPAK/3113228/aegis-vopak-terminals-ltd/,https://trendlyne.com/research-reports/stock/3113228/AEGISVOPAK/aegis-vopak-terminals-ltd/,"Hem Securities released a IPO Subscribe report for Aegis Vopak Terminals Ltd. on 25 May, 2025. || SBI Securities released a IPO Subscribe report for Aegis Vopak Terminals Ltd. on 23 May, 2025. || Ventura released a IPO Subscribe report for Aegis Vopak Terminals Ltd. on 23 May, 2025."
CEIGALL,LO-Urban Infra & EPC,Infra Buildout - Roads & Expressways,0.58,0.9,False,Ceigall India Ltd.,Cement And Construction,Construction,ICICI Securities Limited | IDBI Capital | SBI Securities | Ventura | Hem Securities,False,https://trendlyne.com/research-reports/post/CEIGALL/2484735/ceigall-india-ltd/,https://trendlyne.com/research-reports/stock/2484735/CEIGALL/ceigall-india-ltd/,"ICICI Securities Limited released a Hold report for Ceigall India Ltd. with a price target of 256.0 on 10 Aug, 2025. || IDBI Capital released a IPO Subscribe report for Ceigall India Ltd. on 01 Aug, 2024. || SBI Securities released a IPO Subscribe report for Ceigall India Ltd. on 31 Jul, 2024. || Ventura released a IPO Subscribe report for Ceigall India Ltd. on 31 Jul, 2024."
CANHLIFE,LO-Insurance & Protection,Insurance,0.58,0.94,False,Canara HSBC Life Insurance Company Ltd.,Banking And Finance,Life,Motilal Oswal | Hem Securities | AUM Capital | Ventura | ICICI Direct | SBI Securities,True,https://trendlyne.com/research-reports/post/CANHLIFE/3286107/canara-hsbc-life-insurance-company-ltd/,https://trendlyne.com/research-reports/stock/3286107/CANHLIFE/canara-hsbc-life-insurance-company-ltd/,"Industry-leading growth; robust VNB margin expansion || Motilal Oswal released a Buy report for Canara HSBC Life Insurance Company Ltd. with a price target of 180.0 on 13 Jan, 2026. || Hem Securities released a IPO Subscribe report for Canara HSBC Life Insurance Company Ltd. on 10 Oct, 2025. || AUM Capital released a IPO Subscribe report for Canara HSBC Life Insurance Company Ltd. on 09 Oct, 2025."
IGIL,LO-Emerging Multi-Sector Platforms,Jewellery,0.52,0.9,False,International Gemmological Institute (India) Ltd.,Commercial Services & Supplies Industry,Misc,Ashika Research | AUM Capital | Ventura | SBI Securities,False,https://trendlyne.com/research-reports/post/IGIL/2845097/international-gemmological-institute-india-ltd/,https://trendlyne.com/research-reports/stock/2845097/IGIL/international-gemmological-institute-india-ltd/,"Ashika Research released a IPO Note report for International Gemmological Institute (India) Ltd. on 12 Dec, 2024. || AUM Capital released a IPO Subscribe report for International Gemmological Institute (India) Ltd. on 11 Dec, 2024. || Ventura released a IPO Subscribe report for International Gemmological Institute (India) Ltd. on 11 Dec, 2024. || International Gemmological Institute (India) Ltd IPO Note"
PFOCUS,LO-Digital Platforms & Internet Commerce,Media & Broadcasting Platforms,0.58,0.94,False,Prime Focus Ltd.,Media,Movies,Motilal Oswal,True,https://trendlyne.com/research-reports/post/PFOCUS/1028/prime-focus-ltd/,https://trendlyne.com/research-reports/stock/1028/PFOCUS/prime-focus-ltd/,"Prime Focus: Creative business drives growth; robust order book augurs well || Motilal Oswal released a Buy report for Prime Focus Ltd. with a price target of 130.0 on 15 Nov, 2017. || Motilal Oswal released a Buy report for Prime Focus Ltd. on 16 Oct, 2017."
ASHAPURMIN,"LO-Mining, Metals & Circular Materials",Mining,0.58,0.9,False,Ashapura Minechem Ltd.,Metals & Mining,Coal,,False,https://trendlyne.com/research-reports/post/ASHAPURMIN/110/ashapura-minechem-ltd/,https://trendlyne.com/research-reports/stock/110/ASHAPURMIN/ashapura-minechem-ltd/,
BHARATCOAL,"LO-Mining, Metals & Circular Materials",Mining,0.58,0.9,False,Bharat Coking Coal Ltd.,Metals & Mining,Coal,AUM Capital | Hem Securities | HDFC Securities | Ventura | Deven Choksey | SBI Securities | ICICI Direct,False,https://trendlyne.com/research-reports/post/BHARATCOAL/3385844/bharat-coking-coal-ltd/,https://trendlyne.com/research-reports/stock/3385844/BHARATCOAL/bharat-coking-coal-ltd/,"AUM Capital released a IPO Subscribe report for Bharat Coking Coal Ltd. on 09 Jan, 2026. || Hem Securities released a IPO Subscribe report for Bharat Coking Coal Ltd. on 09 Jan, 2026. || HDFC Securities released a IPO Note report for Bharat Coking Coal Ltd. on 08 Jan, 2026. || Ventura released a IPO Subscribe report for Bharat Coking Coal Ltd. on 08 Jan, 2026."
MIDWESTLTD,"LO-Mining, Metals & Circular Materials",Mining,0.58,0.94,False,Midwest Ltd.,Cement And Construction,Construction,Motilal Oswal | Ventura | SBI Securities,True,https://trendlyne.com/research-reports/post/MIDWESTLTD/3291682/midwest-ltd/,https://trendlyne.com/research-reports/stock/3291682/MIDWESTLTD/midwest-ltd/,"Strong core | strategic diversification | superior profitability || Ventura released a IPO Subscribe report for Midwest Ltd. on 14 Oct, 2025. || SBI Securities released a IPO Note report for Midwest Ltd. on 13 Oct, 2025."
AIIL,"LO-Textiles, Consumer & Export Manufacturing",NBFC - Diversified Credit,0.58,0.9,False,Authum Investment & Infrastructure Ltd.,Banking And Finance,Finance,,False,https://trendlyne.com/research-reports/post/AIIL/4204/authum-investment-infrastructure-ltd/,https://trendlyne.com/research-reports/stock/4204/AIIL/authum-investment-infrastructure-ltd/,
HDBFS,LO-Housing & Retail Credit,NBFC - Diversified Credit,0.58,0.94,False,HDB Financial Services Ltd.,Banking And Finance,Finance,Motilal Oswal | Emkay | AUM Capital | Hem Securities | IDBI Capital | Ventura,True,https://trendlyne.com/research-reports/post/HDBFS/3147463/hdb-financial-services-ltd/,https://trendlyne.com/research-reports/stock/3147463/HDBFS/hdb-financial-services-ltd/,"Motilal Oswal increased Neutral price target of HDB Financial Services Ltd. to 815.0 on 15 Jan, 2026. || Poised for an improved 2H with receding asset-quality headwinds || Journey from an imperfect present to a better future || Weak quarter; guiding for recovery in 2H due to a pickup in retail"
NORTHARC,LO-Housing & Retail Credit,NBFC - Diversified Credit,0.58,0.9,False,Northern Arc Capital Ltd.,Banking And Finance,Finance,Mastertrust Broking &amp; Investments | Hem Securities | SBI Securities,False,https://trendlyne.com/research-reports/post/NORTHARC/755077/northern-arc-capital-ltd/,https://trendlyne.com/research-reports/stock/755077/NORTHARC/northern-arc-capital-ltd/,"Mastertrust Broking &amp; Investments released a Buy report for Northern Arc Capital Ltd. with a price target of 337.0 on 18 Aug, 2025. || Hem Securities released a IPO Subscribe report for Northern Arc Capital Ltd. on 15 Sep, 2024. || SBI Securities released a IPO Subscribe report for Northern Arc Capital Ltd. on 13 Sep, 2024."
TATACAP,LO-Housing & Retail Credit,NBFC - Diversified Credit,0.58,0.9,False,Tata Capital Ltd.,Banking And Finance,Finance,IDBI Capital | AUM Capital | Hem Securities | Ventura | Deven Choksey | SBI Securities | ICICI Direct,False,https://trendlyne.com/research-reports/post/TATACAP/3279131/tata-capital-ltd/,https://trendlyne.com/research-reports/stock/3279131/TATACAP/tata-capital-ltd/,"IDBI Capital released a IPO Note report for Tata Capital Ltd. on 06 Oct, 2025. || AUM Capital released a IPO Subscribe report for Tata Capital Ltd. on 04 Oct, 2025. || Hem Securities released a IPO Subscribe report for Tata Capital Ltd. on 04 Oct, 2025. || Ventura released a IPO Subscribe report for Tata Capital Ltd. on 03 Oct, 2025."
ABLBL,"LO-Textiles, Consumer & Export Manufacturing",Organized Retail - Value & Fashion,0.58,0.94,False,Aditya Birla Lifestyle Brands Ltd.,Retailing,Specialty,Emkay | Motilal Oswal,True,https://trendlyne.com/research-reports/post/ABLBL/3148199/aditya-birla-lifestyle-brands-ltd/,https://trendlyne.com/research-reports/stock/3148199/ABLBL/aditya-birla-lifestyle-brands-ltd/,"GST change partially postpones primary billings to H2 || Retail momentum continues; profitability improvement remains key trigger || Growing portfolio of profitable brands; initiate with BUY || Motilal Oswal released a Neutral report for Aditya Birla Lifestyle Brands Ltd. with a price target of 190.0 on 23 Jun, 2025."
SKFINDUS,LO-Finance Platforms & Lending,Other Industrial Goods,0.52,0.9,False,SKF India (Industrial) Ltd.,General Industrials,Abrasives,,False,https://trendlyne.com/research-reports/post/SKFINDUS/3353111/skf-india-industrial-ltd/,https://trendlyne.com/research-reports/stock/3353111/SKFINDUS/skf-india-industrial-ltd/,
KRBL,LO-Packaged Foods & Consumer Staples,Packaged Foods,0.58,0.9,False,KRBL Ltd.,Food,Other Agricultural Products Krbl Ltd,Karvy | Axis Direct,False,https://trendlyne.com/research-reports/post/KRBL/765/krbl-ltd/,https://trendlyne.com/research-reports/stock/765/KRBL/krbl-ltd/,"KRBL Ltd: Consistency with Track Record of Robust Performance || Karvy upgraded KRBL Ltd. to Buy with a price target of 403.0 on 27 May, 2019. || Karvy downgraded KRBL Ltd. to Hold with a price target of 331.0 on 13 Feb, 2019. || Karvy increased Buy price target of KRBL Ltd. to 427.0 on 31 Oct, 2018."
ORKLAINDIA,LO-Packaged Foods & Consumer Staples,Packaged Foods,0.58,0.9,False,Orkla India Ltd.,Fmcg,Packaged,ICICI Securities Limited | Joindre Capital Services | AUM Capital | Hem Securities | Ventura | ICICI Direct | SBI Securities,False,https://trendlyne.com/research-reports/post/ORKLAINDIA/3306166/orkla-india-ltd/,https://trendlyne.com/research-reports/stock/3306166/ORKLAINDIA/orkla-india-ltd/,"Regional leadership, operational discipline to support steady growth || Joindre Capital Services released a Buy report for Orkla India Ltd. on 04 Dec, 2025. || AUM Capital released a IPO Subscribe report for Orkla India Ltd. on 28 Oct, 2025. || Hem Securities released a IPO Subscribe report for Orkla India Ltd. on 28 Oct, 2025."
VINCOFE,LO-Packaged Foods & Consumer Staples,Packaged Foods,0.58,0.9,False,Vintage Coffee And Beverages Ltd.,Commercial Services & Supplies Industry,Commodity Trading & Distribution Vintage Coffee And Beverages Ltd,,False,https://trendlyne.com/research-reports/post/VINCOFE/4137/vintage-coffee-and-beverages-ltd/,https://trendlyne.com/research-reports/stock/4137/VINCOFE/vintage-coffee-and-beverages-ltd/,
TMPV,LO-Mobility Components & Commercial Platforms,Passenger Vehicles,0.58,0.94,False,Tata Motors Passenger Vehicles Ltd.,Automobiles & Auto Components,Cars,Deven Choksey | ICICI Securities Limited | Motilal Oswal | Emkay | Geojit BNP Paribas,True,https://trendlyne.com/research-reports/post/TMPV/1362/tata-motors-passenger-vehicles-ltd/,https://trendlyne.com/research-reports/stock/1362/TMPV/tata-motors-passenger-vehicles-ltd/,"A challenging quarter with JLR heavily impacted by the cyber incident while the domestic PV business delivered growth || ICICI Securities Limited downgraded Tata Motors Passenger Vehicles Ltd. to Hold with a price target of 375.0 on 17 Nov, 2025. || Motilal Oswal downgraded Tata Motors Passenger Vehicles Ltd. to Sell with a price target of 312.0 on 16 Nov, 2025. || H2 growth outlook improving for PVs/CVs after the GST cuts"
CORONA,LO-Pharma & Life Sciences (Emerging),Pharma - Domestic Formulations - Mid Cap,0.58,0.9,False,Corona Remedies Ltd.,Pharmaceuticals & Biotechnology,Pharmaceuticals,HDFC Securities | Hem Securities | Deven Choksey | Ventura | ICICI Direct | SBI Securities,False,https://trendlyne.com/research-reports/post/CORONA/3351950/corona-remedies-ltd/,https://trendlyne.com/research-reports/stock/3351950/CORONA/corona-remedies-ltd/,"HDFC Securities released a IPO Note report for Corona Remedies Ltd. on 08 Dec, 2025. || Hem Securities released a IPO Subscribe report for Corona Remedies Ltd. on 08 Dec, 2025. || Deven Choksey released a IPO Subscribe report for Corona Remedies Ltd. on 08 Dec, 2025. || Ventura released a IPO Subscribe report for Corona Remedies Ltd. on 05 Dec, 2025."
EMCURE,LO-Pharma & Life Sciences (Emerging),Pharma - Domestic Formulations - Mid Cap,0.58,0.9,False,Emcure Pharmaceuticals Ltd.,Pharmaceuticals & Biotechnology,Pharmaceuticals,BOB Capital Markets Ltd. | Hem Securities | HDFC Securities | Ventura | SBI Securities | Ashika Research,False,https://trendlyne.com/research-reports/post/EMCURE/2393790/emcure-pharmaceuticals-ltd/,https://trendlyne.com/research-reports/stock/2393790/EMCURE/emcure-pharmaceuticals-ltd/,Emcure Pharma (BUY): Scaling Europe through long tail growth || Emcure Pharma (BUY): Margin increment to increase return ratios || Emcure Pharma (BUY): In-line earnings; stable growth across geographies || [Initiation] Emcure Pharma (BUY): Immune to US tariff woes
ZOTA,LO-Pharma & Life Sciences (Emerging),Pharma - Domestic Formulations - Small Cap,0.58,0.9,False,Zota Healthcare Ltd.,Pharmaceuticals & Biotechnology,Pharmaceuticals,,False,https://trendlyne.com/research-reports/post/ZOTA/87758/zota-healthcare-ltd/,https://trendlyne.com/research-reports/stock/87758/ZOTA/zota-healthcare-ltd/,
SUDEEPPHRM,LO-Pharma & Life Sciences (Emerging),Pharma API & Intermediates,0.58,0.9,False,Sudeep Pharma Ltd.,Pharmaceuticals & Biotechnology,Pharmaceuticals,Hem Securities | IDBI Capital | Ventura | SBI Securities,False,https://trendlyne.com/research-reports/post/SUDEEPPHRM/3335696/sudeep-pharma-ltd/,https://trendlyne.com/research-reports/stock/3335696/SUDEEPPHRM/sudeep-pharma-ltd/,"Hem Securities released a IPO Subscribe report for Sudeep Pharma Ltd. on 21 Nov, 2025. || IDBI Capital released a IPO Note report for Sudeep Pharma Ltd. on 20 Nov, 2025. || Ventura released a IPO Subscribe report for Sudeep Pharma Ltd. on 20 Nov, 2025. || SBI Securities released a IPO Subscribe report for Sudeep Pharma Ltd. on 19 Nov, 2025."
ANTHEM,"LO-Textiles, Consumer & Export Manufacturing",Pharma CDMO - Advanced Platforms,0.58,0.9,False,Anthem Biosciences Ltd.,Pharmaceuticals & Biotechnology,Pharmaceuticals,Deven Choksey | Hem Securities | Ventura | SBI Securities,False,https://trendlyne.com/research-reports/post/ANTHEM/3161384/anthem-biosciences-ltd/,https://trendlyne.com/research-reports/stock/3161384/ANTHEM/anthem-biosciences-ltd/,"Deven Choksey released a IPO Note report for Anthem Biosciences Ltd. on 14 Jul, 2025. || Hem Securities released a IPO Subscribe report for Anthem Biosciences Ltd. on 12 Jul, 2025. || Ventura released a IPO Subscribe report for Anthem Biosciences Ltd. on 11 Jul, 2025. || SBI Securities released a IPO Subscribe report for Anthem Biosciences Ltd. on 10 Jul, 2025."
RUBICON,LO-Pharma & Life Sciences (Emerging),Pharma CDMO - Advanced Platforms,0.58,0.94,False,Rubicon Research Ltd.,Pharmaceuticals & Biotechnology,Pharmaceuticals,Motilal Oswal | Hem Securities | ICICI Direct,True,https://trendlyne.com/research-reports/post/RUBICON/3283430/rubicon-research-ltd/,https://trendlyne.com/research-reports/stock/3283430/RUBICON/rubicon-research-ltd/,"Outperformance across metrics; stellar start to the post-IPO phase || Motilal Oswal released a Buy report for Rubicon Research Ltd. with a price target of 740.0 on 31 Oct, 2025. || Hem Securities released a IPO Subscribe report for Rubicon Research Ltd. on 09 Oct, 2025. || ICICI Direct released a IPO Note report for Rubicon Research Ltd. on 09 Oct, 2025."
COHANCE,Pharma API & Intermediates,Pharma CDMO - Core Contract Manufacturing,0.72,0.9,False,Cohance Lifesciences Ltd.,Pharmaceuticals & Biotechnology,Pharmaceuticals,BOB Capital Markets Ltd. | ICICI Securities Limited | Geojit BNP Paribas | ICICI Direct,False,https://trendlyne.com/research-reports/post/COHANCE/191143/cohance-lifesciences-ltd/,https://trendlyne.com/research-reports/stock/191143/COHANCE/cohance-lifesciences-ltd/,Cohance Lifesciences (BUY): Near-term guidance lowered; long-term guidance intact || FY26 guidance slashed; limited near-term visibility || Cohance Lifesciences (BUY): Long-term guidance of USD1bn sales remains intact || Cohance Lifesciences (BUY): To remain on a high growth trajectory
KINGFA,LO-Specialty Materials & Chemical Chain,Plastic Products,0.58,0.9,False,Kingfa Science & Technology (India) Ltd.,General Industrials,Plastic,,False,https://trendlyne.com/research-reports/post/KINGFA/577/kingfa-science-technology-india-ltd/,https://trendlyne.com/research-reports/stock/577/KINGFA/kingfa-science-technology-india-ltd/,
XPROINDIA,LO-Specialty Materials & Chemical Chain,Plastic Products,0.58,0.9,False,Xpro India Ltd.,Commercial Services & Supplies,Containers,,False,https://trendlyne.com/research-reports/post/XPROINDIA/1534/xpro-india-ltd/,https://trendlyne.com/research-reports/stock/1534/XPROINDIA/xpro-india-ltd/,
SKIPPER,LO-Urban Infra & EPC,Power Equip - Grid & T&D,0.52,0.9,False,Skipper Ltd.,Cement And Construction,Construction,Axis Direct | FundsIndia | ICICI Securities Limited,False,https://trendlyne.com/research-reports/post/SKIPPER/1728/skipper-ltd/,https://trendlyne.com/research-reports/stock/1728/SKIPPER/skipper-ltd/,"Axis Direct decreased Buy price target of Skipper Ltd. to 467.0 on 29 Dec, 2025. || Axis Direct increased Buy price target of Skipper Ltd. to 580.0 on 10 Nov, 2025. || Axis Direct released a Buy report for Skipper Ltd. with a price target of 570.0 on 01 Aug, 2025. || FundsIndia released a Buy report for Skipper Ltd. with a price target of 569.0 on 11 Jul, 2025."
TRANSRAILL,LO-Urban Infra & EPC,Power Equip - Grid & T&D,0.58,0.9,False,Transrail Lighting Ltd.,General Industrials,Heavy,Axis Direct | HDFC Securities | Hem Securities,False,https://trendlyne.com/research-reports/post/TRANSRAILL/2854411/transrail-lighting-ltd/,https://trendlyne.com/research-reports/stock/2854411/TRANSRAILL/transrail-lighting-ltd/,"Axis Direct released a Buy report for Transrail Lighting Ltd. with a price target of 560.0 on 23 Apr, 2025. || HDFC Securities released a IPO Note report for Transrail Lighting Ltd. on 19 Dec, 2024. || Hem Securities released a IPO Subscribe report for Transrail Lighting Ltd. on 17 Dec, 2024."
ELLEN,LO-Healthcare Services & MedTech,Process Inputs & Industrial Chemicals,0.58,0.94,False,Ellenbarrie Industrial Gases Ltd.,General Industrials,Industrial,Motilal Oswal | Hem Securities | Ventura | SBI Securities,True,https://trendlyne.com/research-reports/post/ELLEN/3147464/ellenbarrie-industrial-gases-ltd/,https://trendlyne.com/research-reports/stock/3147464/ELLEN/ellenbarrie-industrial-gases-ltd/,"Near-term challenges, but structural growth drivers intact || Commissioning and ramp-up of new plants to drive growth || Industrial Gases: Building scale, driving profitability || Hem Securities released a IPO Subscribe report for Ellenbarrie Industrial Gases Ltd. on 23 Jun, 2025."
FOSECOIND,LO-Industrial Products & Engineering,Process Inputs & Industrial Chemicals,0.58,0.9,False,Foseco India Ltd.,Chemicals & Petrochemicals,Commodity,,False,https://trendlyne.com/research-reports/post/FOSECOIND/425/foseco-india-ltd/,https://trendlyne.com/research-reports/stock/425/FOSECOIND/foseco-india-ltd/,
SWANCORP,LO-Real Estate & Urban Redevelopment,Real Estate - Commercial / Leasing,0.58,0.82,True,Swan Corp Ltd.,Commercial Services & Supplies,Commodity,Ventura,False,https://trendlyne.com/research-reports/post/SWANCORP/1338/swan-corp-ltd/,https://trendlyne.com/research-reports/stock/1338/SWANCORP/swan-corp-ltd/,"Ventura released a Buy report for Swan Corp Ltd. with a price target of 810.0 on 11 Nov, 2023."
LOTUSDEV,LO-Healthcare Services & MedTech,Real Estate - Residential Developers - Mid Cap,0.58,0.94,False,Sri Lotus Developers and Realty Ltd.,Realty,Realty,Motilal Oswal | SBI Securities | Ventura | Deven Choksey,True,https://trendlyne.com/research-reports/post/LOTUSDEV/3193648/sri-lotus-developers-and-realty-ltd/,https://trendlyne.com/research-reports/stock/3193648/LOTUSDEV/sri-lotus-developers-and-realty-ltd/,"Motilal Oswal released a Buy report for Sri Lotus Developers and Realty Ltd. with a price target of 250.0 on 11 Nov, 2025. || Motilal Oswal released a Buy report for Sri Lotus Developers and Realty Ltd. with a price target of 250.0 on 23 Sep, 2025. || SBI Securities released a IPO Subscribe report for Sri Lotus Developers and Realty Ltd. on 28 Jul, 2025. || Ventura released a IPO Subscribe report for Sri Lotus Developers and Realty Ltd. on 28 Jul, 2025."
MARATHON,LO-Real Estate & Urban Redevelopment,Real Estate - Residential Developers - Mid Cap,0.58,0.9,False,Marathon Nextgen Realty Ltd.,Realty,Realty,,False,https://trendlyne.com/research-reports/post/MARATHON/2137/marathon-nextgen-realty-ltd/,https://trendlyne.com/research-reports/stock/2137/MARATHON/marathon-nextgen-realty-ltd/,
RAYMONDREL,LO-Real Estate & Urban Redevelopment,Real Estate - Residential Developers - Mid Cap,0.58,0.9,False,Raymond Realty Ltd.,Realty,Realty,,False,https://trendlyne.com/research-reports/post/RAYMONDREL/3157935/raymond-realty-ltd/,https://trendlyne.com/research-reports/stock/3157935/RAYMONDREL/raymond-realty-ltd/,
TARC,LO-Real Estate & Urban Redevelopment,Real Estate - Residential Developers - Mid Cap,0.58,0.9,False,TARC Ltd.,Realty,Realty,,False,https://trendlyne.com/research-reports/post/TARC/376564/tarc-ltd/,https://trendlyne.com/research-reports/stock/376564/TARC/tarc-ltd/,
JAINREC,"LO-Mining, Metals & Circular Materials",Recyclers,0.58,0.9,False,Jain Resource Recycling Ltd.,Metals & Mining,Other,Deven Choksey | Ventura | SBI Securities,False,https://trendlyne.com/research-reports/post/JAINREC/3267507/jain-resource-recycling-ltd/,https://trendlyne.com/research-reports/stock/3267507/JAINREC/jain-resource-recycling-ltd/,"Deven Choksey released a IPO Note report for Jain Resource Recycling Ltd. on 24 Sep, 2025. || Ventura released a IPO Subscribe report for Jain Resource Recycling Ltd. on 23 Sep, 2025. || SBI Securities released a IPO Subscribe report for Jain Resource Recycling Ltd. on 22 Sep, 2025."
POCL,LO-Specialty Materials & Chemical Chain,Recyclers,0.58,0.9,False,Pondy Oxides & Chemicals Ltd.,Metals & Mining Industry,Other Non-Ferrous Metals Pondy Oxides & Chemicals Ltd,Rudra Shares and Stock Brokers Ltd,False,https://trendlyne.com/research-reports/post/POCL/1055/pondy-oxides-chemicals-ltd/,https://trendlyne.com/research-reports/stock/1055/POCL/pondy-oxides-chemicals-ltd/,"Rudra Shares and Stock Brokers Ltd released a Buy report for Pondy Oxides &amp; Chemicals Ltd. with a price target of 510.0 on 11 Jan, 2019."
SOTL,LO-Industrial Products & Engineering,Refineries/Petro-Products,0.58,0.9,False,Savita Oil Technologies Ltd.,Oil & Gas,Refineries/Petro-Products,,False,https://trendlyne.com/research-reports/post/SOTL/1268/savita-oil-technologies-ltd/,https://trendlyne.com/research-reports/stock/1268/SOTL/savita-oil-technologies-ltd/,
PENIND,LO-Specialty Materials & Chemical Chain,Steel - Pipes & Tubes,0.58,0.9,False,Pennar Industries Ltd.,Metals & Mining Industry,Iron & Steel/Interm,Ventura | Phillip Capital,False,https://trendlyne.com/research-reports/post/PENIND/1020/pennar-industries-ltd/,https://trendlyne.com/research-reports/stock/1020/PENIND/pennar-industries-ltd/,"Ventura released a Buy report for Pennar Industries Ltd. with a price target of 347.0 on 07 Nov, 2025. || Phillip Capital increased Buy price target of Pennar Industries Ltd. to 60.0 on 17 Aug, 2016. || Phillip Capital decreased Buy price target of Pennar Industries Ltd. to 56.0 on 24 May, 2016. || Phillip Capital released a Buy report for Pennar Industries Ltd. with a price target of 70.0 on 13 Nov, 2015."
SAMBHV,LO-Specialty Materials & Chemical Chain,Steel - Pipes & Tubes,0.58,0.9,False,Sambhv Steel Tubes Ltd.,Metals & Mining,Iron,BP Wealth | IDBI Capital | Ventura,False,https://trendlyne.com/research-reports/post/SAMBHV/3148899/sambhv-steel-tubes-ltd/,https://trendlyne.com/research-reports/stock/3148899/SAMBHV/sambhv-steel-tubes-ltd/,"BP Wealth released a Buy report for Sambhv Steel Tubes Ltd. with a price target of 107.0 on 07 Feb, 2026. || IDBI Capital released a IPO Note report for Sambhv Steel Tubes Ltd. on 25 Jun, 2025. || Ventura released a IPO Subscribe report for Sambhv Steel Tubes Ltd. on 24 Jun, 2025."
GALLANTT,"LO-Mining, Metals & Circular Materials",Steel - Primary / Long Products,0.58,0.9,False,Gallantt Ispat Ltd.,Metals & Mining Industry,Iron & Steel/Interm,,False,https://trendlyne.com/research-reports/post/GALLANTT/433/gallantt-ispat-ltd/,https://trendlyne.com/research-reports/stock/433/GALLANTT/gallantt-ispat-ltd/,
FILATEX,"LO-Textiles, Consumer & Export Manufacturing",Textiles,0.58,0.9,False,Filatex India Ltd.,Textiles Apparels & Accessories,Textiles,ICICI Securities Limited | Khambatta Securities,False,https://trendlyne.com/research-reports/post/FILATEX/414/filatex-india-ltd/,https://trendlyne.com/research-reports/stock/414/FILATEX/filatex-india-ltd/,"ICICI Securities Limited increased Buy price target of Filatex India Ltd. to 125.0 on 30 Jul, 2021. || ICICI Securities Limited increased Buy price target of Filatex India Ltd. to 85.0 on 14 Jan, 2021. || ICICI Securities Limited increased Buy price target of Filatex India Ltd. to 55.0 on 23 Dec, 2020. || ICICI Securities Limited released a Buy report for Filatex India Ltd. with a price target of 33.0 on 12 Nov, 2020."
SANATHAN,LO-Specialty Materials & Chemical Chain,Textiles,0.58,0.9,False,Sanathan Textiles Ltd.,Textiles Apparels & Accessories,Textiles,Axis Direct | SBI Securities,False,https://trendlyne.com/research-reports/post/SANATHAN/2863354/sanathan-textiles-ltd/,https://trendlyne.com/research-reports/stock/2863354/SANATHAN/sanathan-textiles-ltd/,"Axis Direct released a Buy report for Sanathan Textiles Ltd. with a price target of 490.0 on 18 Jun, 2025. || SBI Securities released a IPO Subscribe report for Sanathan Textiles Ltd. on 17 Dec, 2024."
