Symbol,Theme,membership_type,primary_theme,secondary_rationale
BAJAJ-AUTO,2W/3W OEMs,primary,2W/3W OEMs,
EICHERMOT,2W/3W OEMs,primary,2W/3W OEMs,
HEROMOTOCO,2W/3W OEMs,primary,2W/3W OEMs,
TVSMOTOR,2W/3W OEMs,primary,2W/3W OEMs,
ATHERENERG,2W/3W OEMs,secondary,EV Mobility Stack - 2W OEMs,EV thesis + 2W OEM volume/mix cycle
OLAELEC,2W/3W OEMs,secondary,EV Mobility Stack - 2W OEMs,EV thesis + 2W OEM volume/mix cycle
ADANIENSOL,Adani Ecosystem,primary,Adani Ecosystem,
ADANIENT,Adani Ecosystem,primary,Adani Ecosystem,
ADANIGREEN,Adani Ecosystem,primary,Adani Ecosystem,
ADANIPORTS,Adani Ecosystem,primary,Adani Ecosystem,
ADANIPOWER,Adani Ecosystem,primary,Adani Ecosystem,
AWL,Adani Ecosystem,primary,Adani Ecosystem,
AVANTIFEED,Agri Inputs & Farm Value Chain,primary,Agri Inputs & Farm Value Chain,
DHANUKA,Agri Inputs & Farm Value Chain,primary,Agri Inputs & Farm Value Chain,
GODREJAGRO,Agri Inputs & Farm Value Chain,primary,Agri Inputs & Farm Value Chain,
LTFOODS,Agri Inputs & Farm Value Chain,primary,Agri Inputs & Farm Value Chain,
MANORAMA,Agri Inputs & Farm Value Chain,primary,Agri Inputs & Farm Value Chain,
OSWALPUMPS,Agri Inputs & Farm Value Chain,primary,Agri Inputs & Farm Value Chain,
SHAKTIPUMP,Agri Inputs & Farm Value Chain,primary,Agri Inputs & Farm Value Chain,
ANURAS,Agrochemicals,primary,Agrochemicals,
BAYERCROP,Agrochemicals,primary,Agrochemicals,
RALLIS,Agrochemicals,primary,Agrochemicals,
SHARDACROP,Agrochemicals,primary,Agrochemicals,
SUMICHEM,Agrochemicals,primary,Agrochemicals,
ABDL,Alcoholic Beverages,primary,Alcoholic Beverages,
GLOBUSSPR,Alcoholic Beverages,primary,Alcoholic Beverages,
RADICO,Alcoholic Beverages,primary,Alcoholic Beverages,
SULA,Alcoholic Beverages,primary,Alcoholic Beverages,
TI,Alcoholic Beverages,primary,Alcoholic Beverages,
UBL,Alcoholic Beverages,primary,Alcoholic Beverages,
UNITDSPR,Alcoholic Beverages,primary,Alcoholic Beverages,
ARE&M,Auto Components - Body / Thermal / Interior - Large Cap,primary,Auto Components - Body / Thermal / Interior - Large Cap,
ASAHIINDIA,Auto Components - Body / Thermal / Interior - Large Cap,primary,Auto Components - Body / Thermal / Interior - Large Cap,
CIEINDIA,Auto Components - Body / Thermal / Interior - Large Cap,primary,Auto Components - Body / Thermal / Interior - Large Cap,
GABRIEL,Auto Components - Body / Thermal / Interior - Large Cap,primary,Auto Components - Body / Thermal / Interior - Large Cap,
JAMNAAUTO,Auto Components - Body / Thermal / Interior - Mid Cap,primary,Auto Components - Body / Thermal / Interior - Mid Cap,
LGBBROSLTD,Auto Components - Body / Thermal / Interior - Mid Cap,primary,Auto Components - Body / Thermal / Interior - Mid Cap,
MINDACORP,Auto Components - Body / Thermal / Interior - Mid Cap,primary,Auto Components - Body / Thermal / Interior - Mid Cap,
PRICOLLTD,Auto Components - Body / Thermal / Interior - Mid Cap,primary,Auto Components - Body / Thermal / Interior - Mid Cap,
SHARDAMOTR,Auto Components - Body / Thermal / Interior - Mid Cap,primary,Auto Components - Body / Thermal / Interior - Mid Cap,
STUDDS,Auto Components - Body / Thermal / Interior - Mid Cap,primary,Auto Components - Body / Thermal / Interior - Mid Cap,
SUBROS,Auto Components - Body / Thermal / Interior - Mid Cap,primary,Auto Components - Body / Thermal / Interior - Mid Cap,
TENNIND,Auto Components - Body / Thermal / Interior - Mid Cap,primary,Auto Components - Body / Thermal / Interior - Mid Cap,
DIVGIITTS,Auto Components - Body / Thermal / Interior - Small Cap,primary,Auto Components - Body / Thermal / Interior - Small Cap,
LUMAXIND,Auto Components - Body / Thermal / Interior - Small Cap,primary,Auto Components - Body / Thermal / Interior - Small Cap,
SANDHAR,Auto Components - Body / Thermal / Interior - Small Cap,primary,Auto Components - Body / Thermal / Interior - Small Cap,
VARROC,Auto Components - Body / Thermal / Interior - Small Cap,primary,Auto Components - Body / Thermal / Interior - Small Cap,
AUTOAXLES,Auto Components - Driveline / Chassis,primary,Auto Components - Driveline / Chassis,
CARRARO,Auto Components - Driveline / Chassis,primary,Auto Components - Driveline / Chassis,
GREAVESCOT,Auto Components - Driveline / Chassis,primary,Auto Components - Driveline / Chassis,
ROLEXRINGS,Auto Components - Driveline / Chassis,primary,Auto Components - Driveline / Chassis,
SSWL,Auto Components - Driveline / Chassis,primary,Auto Components - Driveline / Chassis,
SUNCLAY,Auto Components - Driveline / Chassis,primary,Auto Components - Driveline / Chassis,
SUNDRMFAST,Auto Components - Driveline / Chassis,primary,Auto Components - Driveline / Chassis,
SUPRAJIT,Auto Components - Driveline / Chassis,primary,Auto Components - Driveline / Chassis,
TIINDIA,Auto Components - Driveline / Chassis,primary,Auto Components - Driveline / Chassis,
TVSHLTD,Auto Components - Driveline / Chassis,primary,Auto Components - Driveline / Chassis,
WHEELS,Auto Components - Driveline / Chassis,primary,Auto Components - Driveline / Chassis,
JTEKTINDIA,Auto Components - Driveline / Chassis,secondary,EV Mobility Stack - Components & Systems,EV component thesis + steering/driveline content share
SCHAEFFLER,Auto Components - Driveline / Chassis,secondary,EV Mobility Stack - Components & Systems,EV component thesis + drivetrain/bearing content share
SONACOMS,Auto Components - Driveline / Chassis,secondary,EV Mobility Stack - Components & Systems,EV component thesis + drivetrain systems cycle
ZFCVINDIA,Auto Components - Driveline / Chassis,secondary,EV Mobility Stack - Components & Systems,EV component thesis + CV axle/driveline cycle
ENDURANCE,"Auto Components - Electrical, Interiors & Lighting",primary,"Auto Components - Electrical, Interiors & Lighting",
FIEMIND,"Auto Components - Electrical, Interiors & Lighting",primary,"Auto Components - Electrical, Interiors & Lighting",
LUMAXTECH,"Auto Components - Electrical, Interiors & Lighting",primary,"Auto Components - Electrical, Interiors & Lighting",
SJS,"Auto Components - Electrical, Interiors & Lighting",primary,"Auto Components - Electrical, Interiors & Lighting",
EXIDEIND,"Auto Components - Electrical, Interiors & Lighting",secondary,EV Mobility Stack - Components & Systems,EV component thesis + battery/electrical systems cycle
UNOMINDA,"Auto Components - Electrical, Interiors & Lighting",secondary,EV Mobility Stack - Components & Systems,EV component thesis + cockpit/electrical systems cycle
BELRISE,"Auto Components - Precision, Systems & Harnesses",primary,"Auto Components - Precision, Systems & Harnesses",
CRAFTSMAN,"Auto Components - Precision, Systems & Harnesses",primary,"Auto Components - Precision, Systems & Harnesses",
MOTHERSON,"Auto Components - Precision, Systems & Harnesses",primary,"Auto Components - Precision, Systems & Harnesses",
MSUMI,"Auto Components - Precision, Systems & Harnesses",primary,"Auto Components - Precision, Systems & Harnesses",
SHRIPISTON,"Auto Components - Precision, Systems & Harnesses",primary,"Auto Components - Precision, Systems & Harnesses",
BOSCHLTD,"Auto Components - Precision, Systems & Harnesses",secondary,EV Mobility Stack - Components & Systems,EV component thesis + auto systems engineering cycle
BUILDPRO,B2B Distribution Platforms,primary,B2B Distribution Platforms,
ENTERO,B2B Distribution Platforms,primary,B2B Distribution Platforms,
OPTIEMUS,B2B Distribution Platforms,primary,B2B Distribution Platforms,
REDINGTON,B2B Distribution Platforms,primary,B2B Distribution Platforms,
RPTECH,B2B Distribution Platforms,primary,B2B Distribution Platforms,
INDIAMART,B2B Distribution Platforms,secondary,India Digital Stack - Enterprise Platforms,Enterprise platform + B2B commerce network effects
UNIECOM,B2B Distribution Platforms,secondary,India Digital Stack - Enterprise Platforms,Enterprise platform + merchant enablement/distribution
AXISBANK,Banks - Private Universal (Large),primary,Banks - Private Universal (Large),
HDFCBANK,Banks - Private Universal (Large),primary,Banks - Private Universal (Large),
ICICIBANK,Banks - Private Universal (Large),primary,Banks - Private Universal (Large),
KOTAKBANK,Banks - Private Universal (Large),primary,Banks - Private Universal (Large),
AUBANK,Banks - Private Universal (Mid),primary,Banks - Private Universal (Mid),
FEDERALBNK,Banks - Private Universal (Mid),primary,Banks - Private Universal (Mid),
IDFCFIRSTB,Banks - Private Universal (Mid),primary,Banks - Private Universal (Mid),
INDUSINDBK,Banks - Private Universal (Mid),primary,Banks - Private Universal (Mid),
YESBANK,Banks - Private Universal (Mid),primary,Banks - Private Universal (Mid),
BANKBARODA,Banks - Public Sector,primary,Banks - Public Sector,
CANBK,Banks - Public Sector,primary,Banks - Public Sector,
INDIANB,Banks - Public Sector,primary,Banks - Public Sector,
MAHABANK,Banks - Public Sector,primary,Banks - Public Sector,
PNB,Banks - Public Sector,primary,Banks - Public Sector,
SBIN,Banks - Public Sector,primary,Banks - Public Sector,
UNIONBANK,Banks - Public Sector,primary,Banks - Public Sector,
BANDHANBNK,Banks - Regional & Niche,primary,Banks - Regional & Niche,
BANKINDIA,Banks - Regional & Niche,primary,Banks - Regional & Niche,
CSBBANK,Banks - Regional & Niche,primary,Banks - Regional & Niche,
DCBBANK,Banks - Regional & Niche,primary,Banks - Regional & Niche,
EQUITASBNK,Banks - Regional & Niche,primary,Banks - Regional & Niche,
IDBI,Banks - Regional & Niche,primary,Banks - Regional & Niche,
J&KBANK,Banks - Regional & Niche,primary,Banks - Regional & Niche,
KTKBANK,Banks - Regional & Niche,primary,Banks - Regional & Niche,
SOUTHBANK,Banks - Regional & Niche,primary,Banks - Regional & Niche,
CUB,Banks - Regional & SFB,primary,Banks - Regional & SFB,
KARURVYSYA,Banks - Regional & SFB,primary,Banks - Regional & SFB,
RBLBANK,Banks - Regional & SFB,primary,Banks - Regional & SFB,
UJJIVANSFB,Banks - Regional & SFB,primary,Banks - Regional & SFB,
HINDALCO,Base Metals & Mining,primary,Base Metals & Mining,
HINDCOPPER,Base Metals & Mining,primary,Base Metals & Mining,
HINDZINC,Base Metals & Mining,primary,Base Metals & Mining,
NATIONALUM,Base Metals & Mining,primary,Base Metals & Mining,
VEDL,Base Metals & Mining,primary,Base Metals & Mining,
ABSLAMC,Capital Markets Ecosystem - Asset Managers,primary,Capital Markets Ecosystem - Asset Managers,
CRAMC,Capital Markets Ecosystem - Asset Managers,primary,Capital Markets Ecosystem - Asset Managers,
HDFCAMC,Capital Markets Ecosystem - Asset Managers,primary,Capital Markets Ecosystem - Asset Managers,
ICICIAMC,Capital Markets Ecosystem - Asset Managers,primary,Capital Markets Ecosystem - Asset Managers,
NAM-INDIA,Capital Markets Ecosystem - Asset Managers,primary,Capital Markets Ecosystem - Asset Managers,
UTIAMC,Capital Markets Ecosystem - Asset Managers,primary,Capital Markets Ecosystem - Asset Managers,
GROWW,Capital Markets Ecosystem - Digital Finance Platforms,primary,Capital Markets Ecosystem - Digital Finance Platforms,
PAYTM,Capital Markets Ecosystem - Digital Finance Platforms,primary,Capital Markets Ecosystem - Digital Finance Platforms,
PINELABS,Capital Markets Ecosystem - Digital Finance Platforms,primary,Capital Markets Ecosystem - Digital Finance Platforms,
POLICYBZR,Capital Markets Ecosystem - Digital Finance Platforms,primary,Capital Markets Ecosystem - Digital Finance Platforms,
ZAGGLE,Capital Markets Ecosystem - Digital Finance Platforms,primary,Capital Markets Ecosystem - Digital Finance Platforms,
BSE,Capital Markets Ecosystem - Market Infrastructure,primary,Capital Markets Ecosystem - Market Infrastructure,
CAMS,Capital Markets Ecosystem - Market Infrastructure,primary,Capital Markets Ecosystem - Market Infrastructure,
CDSL,Capital Markets Ecosystem - Market Infrastructure,primary,Capital Markets Ecosystem - Market Infrastructure,
IEX,Capital Markets Ecosystem - Market Infrastructure,primary,Capital Markets Ecosystem - Market Infrastructure,
KFINTECH,Capital Markets Ecosystem - Market Infrastructure,primary,Capital Markets Ecosystem - Market Infrastructure,
MCX,Capital Markets Ecosystem - Market Infrastructure,primary,Capital Markets Ecosystem - Market Infrastructure,
360ONE,Capital Markets Ecosystem - Wealth & Broking,primary,Capital Markets Ecosystem - Wealth & Broking,
ANANDRATHI,Capital Markets Ecosystem - Wealth & Broking,primary,Capital Markets Ecosystem - Wealth & Broking,
ANGELONE,Capital Markets Ecosystem - Wealth & Broking,primary,Capital Markets Ecosystem - Wealth & Broking,
DAMCAPITAL,Capital Markets Ecosystem - Wealth & Broking,primary,Capital Markets Ecosystem - Wealth & Broking,
IIFLCAPS,Capital Markets Ecosystem - Wealth & Broking,primary,Capital Markets Ecosystem - Wealth & Broking,
JMFINANCIL,Capital Markets Ecosystem - Wealth & Broking,primary,Capital Markets Ecosystem - Wealth & Broking,
MOTILALOFS,Capital Markets Ecosystem - Wealth & Broking,primary,Capital Markets Ecosystem - Wealth & Broking,
NUVAMA,Capital Markets Ecosystem - Wealth & Broking,primary,Capital Markets Ecosystem - Wealth & Broking,
ACC,Cement - Large Integrated,primary,Cement - Large Integrated,
AMBUJACEM,Cement - Large Integrated,primary,Cement - Large Integrated,
DALBHARAT,Cement - Large Integrated,primary,Cement - Large Integrated,
GRASIM,Cement - Large Integrated,primary,Cement - Large Integrated,
JSWCEMENT,Cement - Large Integrated,primary,Cement - Large Integrated,
SHREECEM,Cement - Large Integrated,primary,Cement - Large Integrated,
ULTRACEMCO,Cement - Large Integrated,primary,Cement - Large Integrated,
BIRLACORPN,Cement - Regional / Midcap,primary,Cement - Regional / Midcap,
CEMPRO,Cement - Regional / Midcap,primary,Cement - Regional / Midcap,
INDIACEM,Cement - Regional / Midcap,primary,Cement - Regional / Midcap,
JKCEMENT,Cement - Regional / Midcap,primary,Cement - Regional / Midcap,
JKLAKSHMI,Cement - Regional / Midcap,primary,Cement - Regional / Midcap,
NUVOCO,Cement - Regional / Midcap,primary,Cement - Regional / Midcap,
RAMCOCEM,Cement - Regional / Midcap,primary,Cement - Regional / Midcap,
STARCEMENT,Cement - Regional / Midcap,primary,Cement - Regional / Midcap,
BUILDPRO,Cement - Regional / Midcap,secondary,B2B Distribution Platforms,B2B distribution + building materials demand cycle
ASHOKLEY,Commercial Vehicles,primary,Commercial Vehicles,
BEML,Commercial Vehicles,primary,Commercial Vehicles,
ESCORTS,Commercial Vehicles,primary,Commercial Vehicles,
FORCEMOT,Commercial Vehicles,primary,Commercial Vehicles,
TMCV,Commercial Vehicles,primary,Commercial Vehicles,
VSTTILLERS,Commercial Vehicles,primary,Commercial Vehicles,
ACI,Commodity Chemicals,primary,Commodity Chemicals,
DEEPAKNTR,Commodity Chemicals,primary,Commodity Chemicals,
GHCL,Commodity Chemicals,primary,Commodity Chemicals,
INDIAGLYCO,Commodity Chemicals,primary,Commodity Chemicals,
TATACHEM,Commodity Chemicals,primary,Commodity Chemicals,
TIRUMALCHM,Commodity Chemicals,primary,Commodity Chemicals,
CPPLUS,Consumer Durables & Electronics,primary,Consumer Durables & Electronics,
EBGNG,Consumer Durables & Electronics,primary,Consumer Durables & Electronics,
EMIL,Consumer Durables & Electronics,primary,Consumer Durables & Electronics,
EPACK,Consumer Durables & Electronics,primary,Consumer Durables & Electronics,
LGEINDIA,Consumer Durables & Electronics,primary,Consumer Durables & Electronics,
ORIENTELEC,Consumer Durables & Electronics,primary,Consumer Durables & Electronics,
SYMPHONY,Consumer Durables & Electronics,primary,Consumer Durables & Electronics,
WHIRLPOOL,Consumer Durables & Electronics,primary,Consumer Durables & Electronics,
OPTIEMUS,Consumer Durables & Electronics,secondary,B2B Distribution Platforms,B2B distribution + electronics channel cycle
REDINGTON,Consumer Durables & Electronics,secondary,B2B Distribution Platforms,B2B distribution + IT/electronics channel cycle
DABUR,Consumer Staples Brands,primary,Consumer Staples Brands,
GODREJCP,Consumer Staples Brands,primary,Consumer Staples Brands,
MARICO,Consumer Staples Brands,primary,Consumer Staples Brands,
NESTLEIND,Consumer Staples Brands,primary,Consumer Staples Brands,
SANOFICONR,Consumer Staples Brands,primary,Consumer Staples Brands,
VBL,Consumer Staples Brands,primary,Consumer Staples Brands,
AWL,Consumer Staples Brands,secondary,Adani Ecosystem,Adani ownership + staples/FMCG cycle
EPL,Containers & Packaging,primary,Containers & Packaging,
GRWRHITECH,Containers & Packaging,primary,Containers & Packaging,
MOLDTKPAC,Containers & Packaging,primary,Containers & Packaging,
BLUESTARCO,Cooling & Air-Conditioning,primary,Cooling & Air-Conditioning,
KRN,Cooling & Air-Conditioning,primary,Cooling & Air-Conditioning,
VOLTAS,Cooling & Air-Conditioning,primary,Cooling & Air-Conditioning,
DODLA,Dairy,primary,Dairy,
HATSUN,Dairy,primary,Dairy,
HERITGFOOD,Dairy,primary,Dairy,
AEQUS,"Defence, Aerospace & Strategic Manufacturing",primary,"Defence, Aerospace & Strategic Manufacturing",
ASTRAMICRO,"Defence, Aerospace & Strategic Manufacturing",primary,"Defence, Aerospace & Strategic Manufacturing",
BDL,"Defence, Aerospace & Strategic Manufacturing",primary,"Defence, Aerospace & Strategic Manufacturing",
BEL,"Defence, Aerospace & Strategic Manufacturing",primary,"Defence, Aerospace & Strategic Manufacturing",
CENTUM,"Defence, Aerospace & Strategic Manufacturing",primary,"Defence, Aerospace & Strategic Manufacturing",
DATAPATTNS,"Defence, Aerospace & Strategic Manufacturing",primary,"Defence, Aerospace & Strategic Manufacturing",
DYNAMATECH,"Defence, Aerospace & Strategic Manufacturing",primary,"Defence, Aerospace & Strategic Manufacturing",
GRSE,"Defence, Aerospace & Strategic Manufacturing",primary,"Defence, Aerospace & Strategic Manufacturing",
HAL,"Defence, Aerospace & Strategic Manufacturing",primary,"Defence, Aerospace & Strategic Manufacturing",
MAZDOCK,"Defence, Aerospace & Strategic Manufacturing",primary,"Defence, Aerospace & Strategic Manufacturing",
MTARTECH,"Defence, Aerospace & Strategic Manufacturing",primary,"Defence, Aerospace & Strategic Manufacturing",
UNIMECH,"Defence, Aerospace & Strategic Manufacturing",primary,"Defence, Aerospace & Strategic Manufacturing",
ZENTEC,"Defence, Aerospace & Strategic Manufacturing",primary,"Defence, Aerospace & Strategic Manufacturing",
KRSNAA,Diagnostics & Pathology Chains,primary,Diagnostics & Pathology Chains,
LALPATHLAB,Diagnostics & Pathology Chains,primary,Diagnostics & Pathology Chains,
METROPOLIS,Diagnostics & Pathology Chains,primary,Diagnostics & Pathology Chains,
SURAKSHA,Diagnostics & Pathology Chains,primary,Diagnostics & Pathology Chains,
THYROCARE,Diagnostics & Pathology Chains,primary,Diagnostics & Pathology Chains,
VIJAYA,Diagnostics & Pathology Chains,primary,Diagnostics & Pathology Chains,
BLACKBUCK,Digital Marketplace & Logistics Platforms,primary,Digital Marketplace & Logistics Platforms,
CARTRADE,Digital Marketplace & Logistics Platforms,primary,Digital Marketplace & Logistics Platforms,
DELHIVERY,Digital Marketplace & Logistics Platforms,primary,Digital Marketplace & Logistics Platforms,
ETERNAL,Digital Marketplace & Logistics Platforms,secondary,India Digital Stack - Consumer Internet,Consumer internet + on-demand commerce/logistics flywheel
SWIGGY,Digital Marketplace & Logistics Platforms,secondary,India Digital Stack - Consumer Internet,Consumer internet + logistics marketplace economics
URBANCO,Digital Marketplace & Logistics Platforms,secondary,India Digital Stack - Consumer Internet,Consumer internet + service marketplace matching
ATHERENERG,EV Mobility Stack - 2W OEMs,primary,EV Mobility Stack - 2W OEMs,
OLAELEC,EV Mobility Stack - 2W OEMs,primary,EV Mobility Stack - 2W OEMs,
TVSMOTOR,EV Mobility Stack - 2W OEMs,secondary,2W/3W OEMs,2W OEM with EV product exposure; natural bridge candidate.
BOSCHLTD,EV Mobility Stack - Components & Systems,primary,EV Mobility Stack - Components & Systems,
EXIDEIND,EV Mobility Stack - Components & Systems,primary,EV Mobility Stack - Components & Systems,
JTEKTINDIA,EV Mobility Stack - Components & Systems,primary,EV Mobility Stack - Components & Systems,
SCHAEFFLER,EV Mobility Stack - Components & Systems,primary,EV Mobility Stack - Components & Systems,
SONACOMS,EV Mobility Stack - Components & Systems,primary,EV Mobility Stack - Components & Systems,
UNOMINDA,EV Mobility Stack - Components & Systems,primary,EV Mobility Stack - Components & Systems,
ZFCVINDIA,EV Mobility Stack - Components & Systems,primary,EV Mobility Stack - Components & Systems,
APARINDS,"Electrical Cables, Wires & Conductors",primary,"Electrical Cables, Wires & Conductors",
BANSALWIRE,"Electrical Cables, Wires & Conductors",primary,"Electrical Cables, Wires & Conductors",
FINCABLES,"Electrical Cables, Wires & Conductors",primary,"Electrical Cables, Wires & Conductors",
KEI,"Electrical Cables, Wires & Conductors",primary,"Electrical Cables, Wires & Conductors",
KSHINTL,"Electrical Cables, Wires & Conductors",primary,"Electrical Cables, Wires & Conductors",
POLYCAB,"Electrical Cables, Wires & Conductors",primary,"Electrical Cables, Wires & Conductors",
RRKABEL,"Electrical Cables, Wires & Conductors",primary,"Electrical Cables, Wires & Conductors",
USHAMART,"Electrical Cables, Wires & Conductors",primary,"Electrical Cables, Wires & Conductors",
STLTECH,"Electrical Cables, Wires & Conductors",secondary,India Digital Stack - Connectivity & Infra,Digital infra + fiber cable capex cycle
ATLANTAELE,Electrical Equipment,primary,Electrical Equipment,
BBL,Electrical Equipment,primary,Electrical Equipment,
HAVELLS,Electrical Equipment,primary,Electrical Equipment,
HONAUT,Electrical Equipment,primary,Electrical Equipment,
UNIVCABLES,Electrical Equipment,primary,Electrical Equipment,
VGUARD,Electrical Equipment,primary,Electrical Equipment,
GRAPHITE,Electrodes,primary,Electrodes,
HEG,Electrodes,primary,Electrodes,
ESABINDIA,Electrodes,secondary,Other Industrial Goods,Welding/consumables adjacency to metal fabrication and electrode demand.
AMBER,Electronics Manufacturing Services,primary,Electronics Manufacturing Services,
AVALON,Electronics Manufacturing Services,primary,Electronics Manufacturing Services,
CYIENTDLM,Electronics Manufacturing Services,primary,Electronics Manufacturing Services,
DIXON,Electronics Manufacturing Services,primary,Electronics Manufacturing Services,
KAYNES,Electronics Manufacturing Services,primary,Electronics Manufacturing Services,
PGEL,Electronics Manufacturing Services,primary,Electronics Manufacturing Services,
SYRMA,Electronics Manufacturing Services,primary,Electronics Manufacturing Services,
CHAMBLFERT,Fertilizers,primary,Fertilizers,
COROMANDEL,Fertilizers,primary,Fertilizers,
DEEPAKFERT,Fertilizers,primary,Fertilizers,
PARADEEP,Fertilizers,primary,Fertilizers,
UPL,Fertilizers,primary,Fertilizers,
CARERATING,Financial Services,primary,Financial Services,
CMSINFO,Financial Services,primary,Financial Services,
CRISIL,Financial Services,primary,Financial Services,
EDELWEISS,Financial Services,primary,Financial Services,
ICRA,Financial Services,primary,Financial Services,
PRUDENT,Financial Services,primary,Financial Services,
RELIGARE,Financial Services,primary,Financial Services,
GROWW,Financial Services,secondary,Capital Markets Ecosystem - Digital Finance Platforms,Fintech platform + retail participation cycle
PAYTM,Financial Services,secondary,Capital Markets Ecosystem - Digital Finance Platforms,Fintech platform + digital payments/financialization cycle
PINELABS,Financial Services,secondary,Capital Markets Ecosystem - Digital Finance Platforms,Fintech platform + merchant acquiring cycle
POLICYBZR,Financial Services,secondary,Capital Markets Ecosystem - Digital Finance Platforms,Fintech platform + insurance distribution cycle
ZAGGLE,Financial Services,secondary,Capital Markets Ecosystem - Digital Finance Platforms,Fintech platform + corporate spends/payment rails cycle
AWFIS,Flexible Workspaces & Office Platforms,primary,Flexible Workspaces & Office Platforms,
INDIQUBE,Flexible Workspaces & Office Platforms,primary,Flexible Workspaces & Office Platforms,
SMARTWORKS,Flexible Workspaces & Office Platforms,primary,Flexible Workspaces & Office Platforms,
WEWORK,Flexible Workspaces & Office Platforms,primary,Flexible Workspaces & Office Platforms,
BATAINDIA,Footwear,primary,Footwear,
CAMPUS,Footwear,primary,Footwear,
METROBRAND,Footwear,primary,Footwear,
REDTAPE,Footwear,primary,Footwear,
CENTURYPLY,Forest Products,primary,Forest Products,
GREENPANEL,Forest Products,primary,Forest Products,
GREENPLY,Forest Products,primary,Forest Products,
STYLAMIND,Forest Products,primary,Forest Products,
AKZOINDIA,Furniture-Furnishing-Paints - Large Cap,primary,Furniture-Furnishing-Paints - Large Cap,
ASIANPAINT,Furniture-Furnishing-Paints - Large Cap,primary,Furniture-Furnishing-Paints - Large Cap,
BERGEPAINT,Furniture-Furnishing-Paints - Large Cap,primary,Furniture-Furnishing-Paints - Large Cap,
KAJARIACER,Furniture-Furnishing-Paints - Large Cap,primary,Furniture-Furnishing-Paints - Large Cap,
CERA,Furniture-Furnishing-Paints - Mid Cap,primary,Furniture-Furnishing-Paints - Mid Cap,
GREENLAM,Furniture-Furnishing-Paints - Mid Cap,primary,Furniture-Furnishing-Paints - Mid Cap,
KANSAINER,Furniture-Furnishing-Paints - Mid Cap,primary,Furniture-Furnishing-Paints - Mid Cap,
WAKEFIT,Furniture-Furnishing-Paints - Mid Cap,primary,Furniture-Furnishing-Paints - Mid Cap,
AGI,Furniture-Furnishing-Paints - Small Cap,primary,Furniture-Furnishing-Paints - Small Cap,
INDIGOPNTS,Furniture-Furnishing-Paints - Small Cap,primary,Furniture-Furnishing-Paints - Small Cap,
SFL,Furniture-Furnishing-Paints - Small Cap,primary,Furniture-Furnishing-Paints - Small Cap,
SOMANYCERA,Furniture-Furnishing-Paints - Small Cap,primary,Furniture-Furnishing-Paints - Small Cap,
GICRE,General Insurance,primary,General Insurance,
GODIGIT,General Insurance,primary,General Insurance,
NIVABUPA,General Insurance,primary,General Insurance,
STARHEALTH,General Insurance,primary,General Insurance,
FEDFINA,Gold Lending & Bullion Finance,primary,Gold Lending & Bullion Finance,
IIFL,Gold Lending & Bullion Finance,primary,Gold Lending & Bullion Finance,
MANAPPURAM,Gold Lending & Bullion Finance,primary,Gold Lending & Bullion Finance,
MUTHOOTFIN,Gold Lending & Bullion Finance,primary,Gold Lending & Bullion Finance,
AGARWALEYE,Healthcare Services Platforms,primary,Healthcare Services Platforms,
IKS,Healthcare Services Platforms,primary,Healthcare Services Platforms,
INDGN,Healthcare Services Platforms,primary,Healthcare Services Platforms,
LAXMIDENTL,Healthcare Services Platforms,primary,Healthcare Services Platforms,
MEDIASSIST,Healthcare Services Platforms,primary,Healthcare Services Platforms,
MEDPLUS,Healthcare Services Platforms,primary,Healthcare Services Platforms,
NEPHROPLUS,Healthcare Services Platforms,primary,Healthcare Services Platforms,
ENTERO,Healthcare Services Platforms,secondary,B2B Distribution Platforms,B2B distribution + pharma supply chain execution
BAJAJHLDNG,Holding Companies,primary,Holding Companies,
CHOLAHLDNG,Holding Companies,primary,Holding Companies,
GODREJIND,Holding Companies,primary,Holding Companies,
JSWHL,Holding Companies,primary,Holding Companies,
MAHSCOOTER,Holding Companies,primary,Holding Companies,
RANEHOLDIN,Holding Companies,primary,Holding Companies,
CHALET,Hospitality Chains,primary,Hospitality Chains,
EIHOTEL,Hospitality Chains,primary,Hospitality Chains,
INDHOTEL,Hospitality Chains,primary,Hospitality Chains,
LEMONTREE,Hospitality Chains,primary,Hospitality Chains,
MHRIL,Hospitality Chains,primary,Hospitality Chains,
SAMHI,Hospitality Chains,primary,Hospitality Chains,
VENTIVE,Hospitality Chains,primary,Hospitality Chains,
BRIGHOTEL,Hospitality Chains,secondary,Tourism Ecosystem - Mobility & Hospitality,Tourism ecosystem + hotel room cycle
ITCHOTELS,Hospitality Chains,secondary,Tourism Ecosystem - Mobility & Hospitality,Tourism ecosystem + hotel room cycle
JUNIPER,Hospitality Chains,secondary,Tourism Ecosystem - Mobility & Hospitality,Tourism ecosystem + hotel room cycle
THELEELA,Hospitality Chains,secondary,Tourism Ecosystem - Mobility & Hospitality,Tourism ecosystem + hotel room cycle
APOLLOHOSP,Hospitals - Large Cap,primary,Hospitals - Large Cap,
FORTIS,Hospitals - Large Cap,primary,Hospitals - Large Cap,
MAXHEALTH,Hospitals - Large Cap,primary,Hospitals - Large Cap,
MEDANTA,Hospitals - Large Cap,primary,Hospitals - Large Cap,
ASTERDM,Hospitals - Mid Cap,primary,Hospitals - Mid Cap,
KIMS,Hospitals - Mid Cap,primary,Hospitals - Mid Cap,
KOVAI,Hospitals - Mid Cap,primary,Hospitals - Mid Cap,
NH,Hospitals - Mid Cap,primary,Hospitals - Mid Cap,
RAINBOW,Hospitals - Mid Cap,primary,Hospitals - Mid Cap,
AGARWALEYE,Hospitals - Mid Cap,secondary,Healthcare Services Platforms,Healthcare services + specialty care utilization cycle
NEPHROPLUS,Hospitals - Mid Cap,secondary,Healthcare Services Platforms,Healthcare services + specialty care utilization cycle
ARTEMISMED,Hospitals - Small Cap,primary,Hospitals - Small Cap,
HCG,Hospitals - Small Cap,primary,Hospitals - Small Cap,
JLHL,Hospitals - Small Cap,primary,Hospitals - Small Cap,
YATHARTH,Hospitals - Small Cap,primary,Hospitals - Small Cap,
LAXMIDENTL,Hospitals - Small Cap,secondary,Healthcare Services Platforms,Healthcare services + specialty care utilization cycle
BAJAJELEC,Household Appliances,primary,Household Appliances,
CROMPTON,Household Appliances,primary,Household Appliances,
EUREKAFORB,Household Appliances,primary,Household Appliances,
IFBIND,Household Appliances,primary,Household Appliances,
BORORENEW,Houseware,primary,Houseware,
CARYSIL,Houseware,primary,Houseware,
EUROPRATIK,Houseware,primary,Houseware,
LAOPALA,Houseware,primary,Houseware,
STOVEKRAFT,Houseware,primary,Houseware,
TTKPRESTIG,Houseware,primary,Houseware,
AADHARHFC,Housing Finance,primary,Housing Finance,
AAVAS,Housing Finance,primary,Housing Finance,
APTUS,Housing Finance,primary,Housing Finance,
BAJAJHFL,Housing Finance,primary,Housing Finance,
CANFINHOME,Housing Finance,primary,Housing Finance,
HOMEFIRST,Housing Finance,primary,Housing Finance,
HUDCO,Housing Finance,primary,Housing Finance,
INDIASHLTR,Housing Finance,primary,Housing Finance,
LICHSGFIN,Housing Finance,primary,Housing Finance,
PNBHOUSING,Housing Finance,primary,Housing Finance,
REPCOHOME,Housing Finance,primary,Housing Finance,
AEGISLOG,Hydrocarbon Upstream & Gas Infrastructure,primary,Hydrocarbon Upstream & Gas Infrastructure,
OIL,Hydrocarbon Upstream & Gas Infrastructure,primary,Hydrocarbon Upstream & Gas Infrastructure,
ONGC,Hydrocarbon Upstream & Gas Infrastructure,primary,Hydrocarbon Upstream & Gas Infrastructure,
PETRONET,Hydrocarbon Upstream & Gas Infrastructure,primary,Hydrocarbon Upstream & Gas Infrastructure,
INTELLECT,IT Products,primary,IT Products,
RATEGAIN,IT Products,primary,IT Products,
TATATECH,IT Products,primary,IT Products,
AFFLE,IT Products,secondary,India Digital Stack - Enterprise Platforms,Enterprise platform + ad-tech product model
MAPMYINDIA,IT Products,secondary,India Digital Stack - Enterprise Platforms,Enterprise platform + map/IP product economics
NETWEB,IT Products,secondary,India Digital Stack - Data Center & Compute,Data center thesis + server hardware exposure
ROUTE,IT Products,secondary,India Digital Stack - Enterprise Platforms,Enterprise platform + communication API product model
RPTECH,IT Products,secondary,B2B Distribution Platforms,B2B distribution + enterprise hardware cycle
COFORGE,IT Services - Engineering & ER&D,primary,IT Services - Engineering & ER&D,
CYIENT,IT Services - Engineering & ER&D,primary,IT Services - Engineering & ER&D,
KPITTECH,IT Services - Engineering & ER&D,primary,IT Services - Engineering & ER&D,
LTTS,IT Services - Engineering & ER&D,primary,IT Services - Engineering & ER&D,
MPHASIS,IT Services - Engineering & ER&D,primary,IT Services - Engineering & ER&D,
PERSISTENT,IT Services - Engineering & ER&D,primary,IT Services - Engineering & ER&D,
TATAELXSI,IT Services - Engineering & ER&D,primary,IT Services - Engineering & ER&D,
CIGNITITEC,IT Services - Enterprise / BFSI,primary,IT Services - Enterprise / BFSI,
ECLERX,IT Services - Enterprise / BFSI,primary,IT Services - Enterprise / BFSI,
FSL,IT Services - Enterprise / BFSI,primary,IT Services - Enterprise / BFSI,
NEWGEN,IT Services - Enterprise / BFSI,primary,IT Services - Enterprise / BFSI,
OFSS,IT Services - Enterprise / BFSI,primary,IT Services - Enterprise / BFSI,
RAMCOSYS,IT Services - Enterprise / BFSI,primary,IT Services - Enterprise / BFSI,
SAGILITY,IT Services - Enterprise / BFSI,primary,IT Services - Enterprise / BFSI,
BBOX,IT Services - Enterprise / BFSI,secondary,India Digital Stack - Connectivity & Infra,Digital infra + enterprise network services
CAPILLARY,IT Services - Enterprise / BFSI,secondary,India Digital Stack - Enterprise Platforms,Enterprise platform + enterprise SaaS implementation cycle
IKS,IT Services - Enterprise / BFSI,secondary,Healthcare Services Platforms,Healthcare services + healthcare BPM/digital services
INDGN,IT Services - Enterprise / BFSI,secondary,Healthcare Services Platforms,Healthcare services + healthcare tech services
MPSLTD,IT Services - Enterprise / BFSI,secondary,India Digital Stack - Enterprise Platforms,Enterprise platform + outsourced digital workflow services
BSOFT,IT Services - Midcap,primary,IT Services - Midcap,
HAPPSTMNDS,IT Services - Midcap,primary,IT Services - Midcap,
HEXT,IT Services - Midcap,primary,IT Services - Midcap,
MASTEK,IT Services - Midcap,primary,IT Services - Midcap,
SONATSOFTW,IT Services - Midcap,primary,IT Services - Midcap,
ZENSARTECH,IT Services - Midcap,primary,IT Services - Midcap,
HCLTECH,IT Services - Tier 1,primary,IT Services - Tier 1,
INFY,IT Services - Tier 1,primary,IT Services - Tier 1,
LTIM,IT Services - Tier 1,primary,IT Services - Tier 1,
TCS,IT Services - Tier 1,primary,IT Services - Tier 1,
TECHM,IT Services - Tier 1,primary,IT Services - Tier 1,
WIPRO,IT Services - Tier 1,primary,IT Services - Tier 1,
BBOX,India Digital Stack - Connectivity & Infra,primary,India Digital Stack - Connectivity & Infra,
BHARTIARTL,India Digital Stack - Connectivity & Infra,primary,India Digital Stack - Connectivity & Infra,
BHARTIHEXA,India Digital Stack - Connectivity & Infra,primary,India Digital Stack - Connectivity & Infra,
E2E,India Digital Stack - Connectivity & Infra,primary,India Digital Stack - Connectivity & Infra,
IDEA,India Digital Stack - Connectivity & Infra,primary,India Digital Stack - Connectivity & Infra,
PACEDIGITK,India Digital Stack - Connectivity & Infra,primary,India Digital Stack - Connectivity & Infra,
RAILTEL,India Digital Stack - Connectivity & Infra,primary,India Digital Stack - Connectivity & Infra,
STLTECH,India Digital Stack - Connectivity & Infra,primary,India Digital Stack - Connectivity & Infra,
CRIZAC,India Digital Stack - Consumer Internet,primary,India Digital Stack - Consumer Internet,
ETERNAL,India Digital Stack - Consumer Internet,primary,India Digital Stack - Consumer Internet,
FIRSTCRY,India Digital Stack - Consumer Internet,primary,India Digital Stack - Consumer Internet,
MEESHO,India Digital Stack - Consumer Internet,primary,India Digital Stack - Consumer Internet,
NYKAA,India Digital Stack - Consumer Internet,primary,India Digital Stack - Consumer Internet,
PWL,India Digital Stack - Consumer Internet,primary,India Digital Stack - Consumer Internet,
SWIGGY,India Digital Stack - Consumer Internet,primary,India Digital Stack - Consumer Internet,
URBANCO,India Digital Stack - Consumer Internet,primary,India Digital Stack - Consumer Internet,
CARTRADE,India Digital Stack - Consumer Internet,secondary,Digital Marketplace & Logistics Platforms,Marketplace model + auto retail demand funnel
IXIGO,India Digital Stack - Consumer Internet,secondary,Tourism Ecosystem - Discovery & Booking,Travel discovery + consumer booking funnel
JUSTDIAL,India Digital Stack - Consumer Internet,secondary,India Digital Stack - Enterprise Platforms,Enterprise ad platform + consumer local search demand
NAUKRI,India Digital Stack - Consumer Internet,secondary,India Digital Stack - Enterprise Platforms,Enterprise HR platform + consumer job marketplace
YATRA,India Digital Stack - Consumer Internet,secondary,Tourism Ecosystem - Discovery & Booking,Travel discovery + consumer booking funnel
ANANTRAJ,India Digital Stack - Data Center & Compute,primary,India Digital Stack - Data Center & Compute,
NETWEB,India Digital Stack - Data Center & Compute,primary,India Digital Stack - Data Center & Compute,
TECHNOE,India Digital Stack - Data Center & Compute,primary,India Digital Stack - Data Center & Compute,
E2E,India Digital Stack - Data Center & Compute,secondary,India Digital Stack - Connectivity & Infra,Connectivity infra + cloud/data-center exposure
AFFLE,India Digital Stack - Enterprise Platforms,primary,India Digital Stack - Enterprise Platforms,
AMAGI,India Digital Stack - Enterprise Platforms,primary,India Digital Stack - Enterprise Platforms,
CAPILLARY,India Digital Stack - Enterprise Platforms,primary,India Digital Stack - Enterprise Platforms,
INDIAMART,India Digital Stack - Enterprise Platforms,primary,India Digital Stack - Enterprise Platforms,
JUSTDIAL,India Digital Stack - Enterprise Platforms,primary,India Digital Stack - Enterprise Platforms,
MAPMYINDIA,India Digital Stack - Enterprise Platforms,primary,India Digital Stack - Enterprise Platforms,
MPSLTD,India Digital Stack - Enterprise Platforms,primary,India Digital Stack - Enterprise Platforms,
NAUKRI,India Digital Stack - Enterprise Platforms,primary,India Digital Stack - Enterprise Platforms,
NAZARA,India Digital Stack - Enterprise Platforms,primary,India Digital Stack - Enterprise Platforms,
ROUTE,India Digital Stack - Enterprise Platforms,primary,India Digital Stack - Enterprise Platforms,
UNIECOM,India Digital Stack - Enterprise Platforms,primary,India Digital Stack - Enterprise Platforms,
TBOTEK,India Digital Stack - Enterprise Platforms,secondary,Tourism Ecosystem - Discovery & Booking,Travel discovery + B2B travel distribution platform
ANUP,Industrial Engineering,primary,Industrial Engineering,
EPACKPEB,Industrial Engineering,primary,Industrial Engineering,
INTERARCH,Industrial Engineering,primary,Industrial Engineering,
JYOTICNC,Industrial Engineering,primary,Industrial Engineering,
MBEL,Industrial Engineering,primary,Industrial Engineering,
PITTIENG,Industrial Engineering,primary,Industrial Engineering,
SANSERA,Industrial Engineering,primary,Industrial Engineering,
AJAXENGG,Industrial Machinery - Capital Goods,primary,Industrial Machinery - Capital Goods,
CUMMINSIND,Industrial Machinery - Capital Goods,primary,Industrial Machinery - Capital Goods,
ELECON,Industrial Machinery - Capital Goods,primary,Industrial Machinery - Capital Goods,
INGERRAND,Industrial Machinery - Capital Goods,primary,Industrial Machinery - Capital Goods,
ISGEC,Industrial Machinery - Capital Goods,primary,Industrial Machinery - Capital Goods,
KIRLOSBROS,Industrial Machinery - Capital Goods,primary,Industrial Machinery - Capital Goods,
KIRLPNU,Industrial Machinery - Capital Goods,primary,Industrial Machinery - Capital Goods,
KSB,Industrial Machinery - Capital Goods,primary,Industrial Machinery - Capital Goods,
3MINDIA,Industrial Machinery - Process / Precision,primary,Industrial Machinery - Process / Precision,
AZAD,Industrial Machinery - Process / Precision,primary,Industrial Machinery - Process / Precision,
GMMPFAUDLR,Industrial Machinery - Process / Precision,primary,Industrial Machinery - Process / Precision,
PRAJIND,Industrial Machinery - Process / Precision,primary,Industrial Machinery - Process / Precision,
WENDT,Industrial Machinery - Process / Precision,primary,Industrial Machinery - Process / Precision,
BHARATFORG,Industrial Products - Large Cap,primary,Industrial Products - Large Cap,
PTCIL,Industrial Products - Large Cap,primary,Industrial Products - Large Cap,
SOLARINDS,Industrial Products - Large Cap,primary,Industrial Products - Large Cap,
TIMKEN,Industrial Products - Large Cap,primary,Industrial Products - Large Cap,
CARBORUNIV,Industrial Products - Mid Cap,primary,Industrial Products - Mid Cap,
GRINDWELL,Industrial Products - Mid Cap,primary,Industrial Products - Mid Cap,
JINDALSAW,Industrial Products - Mid Cap,primary,Industrial Products - Mid Cap,
HAPPYFORGE,Industrial Products - Small Cap,primary,Industrial Products - Small Cap,
INOXINDIA,Industrial Products - Small Cap,primary,Industrial Products - Small Cap,
KENNAMET,Industrial Products - Small Cap,primary,Industrial Products - Small Cap,
MMFL,Industrial Products - Small Cap,primary,Industrial Products - Small Cap,
AFCONS,Infra Buildout - EPC Contractors,primary,Infra Buildout - EPC Contractors,
AHLUCONT,Infra Buildout - EPC Contractors,primary,Infra Buildout - EPC Contractors,
ENGINERSIN,Infra Buildout - EPC Contractors,primary,Infra Buildout - EPC Contractors,
HGINFRA,Infra Buildout - EPC Contractors,primary,Infra Buildout - EPC Contractors,
KNRCON,Infra Buildout - EPC Contractors,primary,Infra Buildout - EPC Contractors,
KPIL,Infra Buildout - EPC Contractors,primary,Infra Buildout - EPC Contractors,
LT,Infra Buildout - EPC Contractors,primary,Infra Buildout - EPC Contractors,
NBCC,Infra Buildout - EPC Contractors,primary,Infra Buildout - EPC Contractors,
NCC,Infra Buildout - EPC Contractors,primary,Infra Buildout - EPC Contractors,
PATELENG,Infra Buildout - EPC Contractors,primary,Infra Buildout - EPC Contractors,
POWERMECH,Infra Buildout - EPC Contractors,primary,Infra Buildout - EPC Contractors,
PSPPROJECT,Infra Buildout - EPC Contractors,primary,Infra Buildout - EPC Contractors,
AEGISVOPAK,Infra Buildout - Logistics Networks,primary,Infra Buildout - Logistics Networks,
BLUEDART,Infra Buildout - Logistics Networks,primary,Infra Buildout - Logistics Networks,
CONCOR,Infra Buildout - Logistics Networks,primary,Infra Buildout - Logistics Networks,
GATEWAY,Infra Buildout - Logistics Networks,primary,Infra Buildout - Logistics Networks,
MAHLOG,Infra Buildout - Logistics Networks,primary,Infra Buildout - Logistics Networks,
TCI,Infra Buildout - Logistics Networks,primary,Infra Buildout - Logistics Networks,
VRLLOG,Infra Buildout - Logistics Networks,primary,Infra Buildout - Logistics Networks,
BLACKBUCK,Infra Buildout - Logistics Networks,secondary,Digital Marketplace & Logistics Platforms,Marketplace model + freight network utilization
DELHIVERY,Infra Buildout - Logistics Networks,secondary,Digital Marketplace & Logistics Platforms,Marketplace model + logistics network density
GMRAIRPORT,Infra Buildout - Logistics Networks,secondary,Tourism Ecosystem - Mobility & Hospitality,Tourism ecosystem + airport infra throughput
DREDGECORP,Infra Buildout - Marine & Dredging,primary,Infra Buildout - Marine & Dredging,
KMEW,Infra Buildout - Marine & Dredging,primary,Infra Buildout - Marine & Dredging,
GESHIP,Infra Buildout - Marine & Dredging,secondary,Shipping,Marine fleet activity ties to dredging/marine capex cycle.
GPPL,Infra Buildout - Ports & Maritime,primary,Infra Buildout - Ports & Maritime,
JSWINFRA,Infra Buildout - Ports & Maritime,primary,Infra Buildout - Ports & Maritime,
ADANIPORTS,Infra Buildout - Ports & Maritime,secondary,Adani Ecosystem,Adani ownership + ports throughput cycle
TEXRAIL,Infra Buildout - Rail Mobility,primary,Infra Buildout - Rail Mobility,
TITAGARH,Infra Buildout - Rail Mobility,primary,Infra Buildout - Rail Mobility,
IRCTC,Infra Buildout - Rail Mobility,secondary,Tourism Ecosystem - Discovery & Booking,Travel discovery + rail network operating leverage
ASHOKA,Infra Buildout - Roads & Expressways,primary,Infra Buildout - Roads & Expressways,
CEIGALL,Infra Buildout - Roads & Expressways,primary,Infra Buildout - Roads & Expressways,
GRINFRA,Infra Buildout - Roads & Expressways,primary,Infra Buildout - Roads & Expressways,
IRB,Infra Buildout - Roads & Expressways,primary,Infra Buildout - Roads & Expressways,
PNCINFRA,Infra Buildout - Roads & Expressways,primary,Infra Buildout - Roads & Expressways,
BAJAJFINSV,Insurance,primary,Insurance,
CANHLIFE,Insurance,primary,Insurance,
HDFCLIFE,Insurance,primary,Insurance,
ICICIGI,Insurance,primary,Insurance,
ICICIPRULI,Insurance,primary,Insurance,
LICI,Insurance,primary,Insurance,
MFSL,Insurance,primary,Insurance,
SBILIFE,Insurance,primary,Insurance,
MEDIASSIST,Insurance,secondary,Healthcare Services Platforms,Healthcare services + insurance claims processing linkage
BLUESTONE,Jewellery,primary,Jewellery,
IGIL,Jewellery,primary,Jewellery,
PNGJL,Jewellery,primary,Jewellery,
SENCO,Jewellery,primary,Jewellery,
KALYANKJIL,Jewellery,secondary,Luxury Retail & Premium Consumption,Premium consumption + jewelry demand cycle
SKYGOLD,Jewellery,secondary,Luxury Retail & Premium Consumption,Premium consumption + jewelry demand cycle
THANGAMAYL,Jewellery,secondary,Luxury Retail & Premium Consumption,Premium consumption + jewelry demand cycle
TITAN,Jewellery,secondary,Luxury Retail & Premium Consumption,Premium consumption + jewelry demand cycle
ETHOSLTD,Luxury Retail & Premium Consumption,primary,Luxury Retail & Premium Consumption,
KALYANKJIL,Luxury Retail & Premium Consumption,primary,Luxury Retail & Premium Consumption,
LENSKART,Luxury Retail & Premium Consumption,primary,Luxury Retail & Premium Consumption,
PHOENIXLTD,Luxury Retail & Premium Consumption,primary,Luxury Retail & Premium Consumption,
RAYMONDLSL,Luxury Retail & Premium Consumption,primary,Luxury Retail & Premium Consumption,
SKYGOLD,Luxury Retail & Premium Consumption,primary,Luxury Retail & Premium Consumption,
STYL,Luxury Retail & Premium Consumption,primary,Luxury Retail & Premium Consumption,
THANGAMAYL,Luxury Retail & Premium Consumption,primary,Luxury Retail & Premium Consumption,
TITAN,Luxury Retail & Premium Consumption,primary,Luxury Retail & Premium Consumption,
PFOCUS,Media & Broadcasting Platforms,primary,Media & Broadcasting Platforms,
SUNTV,Media & Broadcasting Platforms,primary,Media & Broadcasting Platforms,
ZEEL,Media & Broadcasting Platforms,primary,Media & Broadcasting Platforms,
AMAGI,Media & Broadcasting Platforms,secondary,India Digital Stack - Enterprise Platforms,Enterprise platform + media tech monetization
SAREGAMA,Media & Music,primary,Media & Music,
TIPSMUSIC,Media & Music,primary,Media & Music,
NAZARA,Media & Music,secondary,India Digital Stack - Enterprise Platforms,Enterprise platform + digital content/gaming monetization
POLYMED,Medical Devices,primary,Medical Devices,
SHAILY,Medical Devices,primary,Medical Devices,
KRSNAA,Medical Devices,secondary,Diagnostics & Pathology Chains,Diagnostics/medtech adjacency used as rough medical-tech proxy.
APLAPOLLO,Metals,primary,Metals,
SARDAEN,Metals,primary,Metals,
SHYAMMETL,Metals,primary,Metals,
CREDITACC,Microfinance & Small-ticket Lenders,primary,Microfinance & Small-ticket Lenders,
FUSION,Microfinance & Small-ticket Lenders,primary,Microfinance & Small-ticket Lenders,
MASFIN,Microfinance & Small-ticket Lenders,primary,Microfinance & Small-ticket Lenders,
MUTHOOTMF,Microfinance & Small-ticket Lenders,primary,Microfinance & Small-ticket Lenders,
SPANDANA,Microfinance & Small-ticket Lenders,primary,Microfinance & Small-ticket Lenders,
AIAENG,Mine Supply,primary,Mine Supply,
TEGA,Mine Supply,primary,Mine Supply,
ELECON,Mine Supply,secondary,Industrial Machinery - Capital Goods,Mining conveyor/gearbox capex linkage to mine-supply cycle.
ASHAPURMIN,Mining,primary,Mining,
BHARATCOAL,Mining,primary,Mining,
MIDWESTLTD,Mining,primary,Mining,
MOIL,Mining,primary,Mining,
NMDC,Mining,primary,Mining,
SANDUMA,Mining,primary,Mining,
BAJFINANCE,NBFC - Consumer & Vehicle Finance,primary,NBFC - Consumer & Vehicle Finance,
CHOLAFIN,NBFC - Consumer & Vehicle Finance,primary,NBFC - Consumer & Vehicle Finance,
LTF,NBFC - Consumer & Vehicle Finance,primary,NBFC - Consumer & Vehicle Finance,
M&MFIN,NBFC - Consumer & Vehicle Finance,primary,NBFC - Consumer & Vehicle Finance,
SBICARD,NBFC - Consumer & Vehicle Finance,primary,NBFC - Consumer & Vehicle Finance,
SHRIRAMFIN,NBFC - Consumer & Vehicle Finance,primary,NBFC - Consumer & Vehicle Finance,
SUNDARMFIN,NBFC - Consumer & Vehicle Finance,primary,NBFC - Consumer & Vehicle Finance,
ABCAPITAL,NBFC - Diversified Credit,primary,NBFC - Diversified Credit,
AIIL,NBFC - Diversified Credit,primary,NBFC - Diversified Credit,
CGCL,NBFC - Diversified Credit,primary,NBFC - Diversified Credit,
FIVESTAR,NBFC - Diversified Credit,primary,NBFC - Diversified Credit,
HDBFS,NBFC - Diversified Credit,primary,NBFC - Diversified Credit,
JIOFIN,NBFC - Diversified Credit,primary,NBFC - Diversified Credit,
NORTHARC,NBFC - Diversified Credit,primary,NBFC - Diversified Credit,
PFS,NBFC - Diversified Credit,primary,NBFC - Diversified Credit,
PIRAMALFIN,NBFC - Diversified Credit,primary,NBFC - Diversified Credit,
POONAWALLA,NBFC - Diversified Credit,primary,NBFC - Diversified Credit,
SBFC,NBFC - Diversified Credit,primary,NBFC - Diversified Credit,
TATACAP,NBFC - Diversified Credit,primary,NBFC - Diversified Credit,
IRFC,NBFC - PSU / Project Finance,primary,NBFC - PSU / Project Finance,
PFC,NBFC - PSU / Project Finance,primary,NBFC - PSU / Project Finance,
RECLTD,NBFC - PSU / Project Finance,primary,NBFC - PSU / Project Finance,
LANDMARK,Niche Retail & Entertainment,primary,Niche Retail & Entertainment,
MANYAVAR,Niche Retail & Entertainment,primary,Niche Retail & Entertainment,
PVRINOX,Niche Retail & Entertainment,primary,Niche Retail & Entertainment,
ETHOSLTD,Niche Retail & Entertainment,secondary,Luxury Retail & Premium Consumption,Premium consumption + specialty retail demand
CASTROLIND,Oil Marketing & Distribution,primary,Oil Marketing & Distribution,
GULFOILLUB,Oil Marketing & Distribution,primary,Oil Marketing & Distribution,
IOC,Oil Marketing & Distribution,primary,Oil Marketing & Distribution,
DMART,Organized Retail - Large Format,primary,Organized Retail - Large Format,
SHOPERSTOP,Organized Retail - Large Format,primary,Organized Retail - Large Format,
TRENT,Organized Retail - Large Format,primary,Organized Retail - Large Format,
LENSKART,Organized Retail - Large Format,secondary,Luxury Retail & Premium Consumption,Premium consumption + organized retail unit economics
MEDPLUS,Organized Retail - Large Format,secondary,Healthcare Services Platforms,Healthcare services + pharmacy retail cycle
ABFRL,Organized Retail - Value & Fashion,primary,Organized Retail - Value & Fashion,
ABLBL,Organized Retail - Value & Fashion,primary,Organized Retail - Value & Fashion,
AVL,Organized Retail - Value & Fashion,primary,Organized Retail - Value & Fashion,
V2RETAIL,Organized Retail - Value & Fashion,primary,Organized Retail - Value & Fashion,
VMART,Organized Retail - Value & Fashion,primary,Organized Retail - Value & Fashion,
VMM,Organized Retail - Value & Fashion,primary,Organized Retail - Value & Fashion,
FIRSTCRY,Organized Retail - Value & Fashion,secondary,India Digital Stack - Consumer Internet,Consumer internet + omni retail inventory cycle
MEESHO,Organized Retail - Value & Fashion,secondary,India Digital Stack - Consumer Internet,Consumer internet + value retail demand cycle
NYKAA,Organized Retail - Value & Fashion,secondary,India Digital Stack - Consumer Internet,Consumer internet + beauty retail merchandising cycle
RAYMONDLSL,Organized Retail - Value & Fashion,secondary,Luxury Retail & Premium Consumption,Premium consumption + apparel retail cycle
STYL,Organized Retail - Value & Fashion,secondary,Luxury Retail & Premium Consumption,Premium consumption + apparel retail cycle
ARVINDFASN,Other Apparels & Accessories,primary,Other Apparels & Accessories,
GOCOLORS,Other Apparels & Accessories,primary,Other Apparels & Accessories,
KKCL,Other Apparels & Accessories,primary,Other Apparels & Accessories,
PAGEIND,Other Apparels & Accessories,primary,Other Apparels & Accessories,
SAFARI,Other Apparels & Accessories,primary,Other Apparels & Accessories,
SPAL,Other Apparels & Accessories,primary,Other Apparels & Accessories,
VIPIND,Other Apparels & Accessories,primary,Other Apparels & Accessories,
ESABINDIA,Other Industrial Goods,primary,Other Industrial Goods,
RHIM,Other Industrial Goods,primary,Other Industrial Goods,
SBCL,Other Industrial Goods,primary,Other Industrial Goods,
SKFINDIA,Other Industrial Goods,primary,Other Industrial Goods,
SKFINDUS,Other Industrial Goods,primary,Other Industrial Goods,
VESUVIUS,Other Industrial Goods,primary,Other Industrial Goods,
BECTORFOOD,Packaged Foods,primary,Packaged Foods,
BIKAJI,Packaged Foods,primary,Packaged Foods,
BRITANNIA,Packaged Foods,primary,Packaged Foods,
CCL,Packaged Foods,primary,Packaged Foods,
KRBL,Packaged Foods,primary,Packaged Foods,
ORKLAINDIA,Packaged Foods,primary,Packaged Foods,
TATACONSUM,Packaged Foods,primary,Packaged Foods,
VINCOFE,Packaged Foods,primary,Packaged Foods,
ZYDUSWELL,Packaged Foods,primary,Packaged Foods,
JKPAPER,Paper & Paper Products,primary,Paper & Paper Products,
TCPLPACK,Paper & Paper Products,primary,Paper & Paper Products,
WSTCSTPAPR,Paper & Paper Products,primary,Paper & Paper Products,
HYUNDAI,Passenger Vehicles,primary,Passenger Vehicles,
M&M,Passenger Vehicles,primary,Passenger Vehicles,
MARUTI,Passenger Vehicles,primary,Passenger Vehicles,
TMPV,Passenger Vehicles,primary,Passenger Vehicles,
BAJAJCON,Personal Care,primary,Personal Care,
COLPAL,Personal Care,primary,Personal Care,
EMAMILTD,Personal Care,primary,Personal Care,
GILLETTE,Personal Care,primary,Personal Care,
HINDUNILVR,Personal Care,primary,Personal Care,
HONASA,Personal Care,primary,Personal Care,
JYOTHYLAB,Personal Care,primary,Personal Care,
PGHH,Personal Care,primary,Personal Care,
SHK,Personal Care,primary,Personal Care,
ALKEM,Pharma - Domestic Formulations - Large Cap,primary,Pharma - Domestic Formulations - Large Cap,
CIPLA,Pharma - Domestic Formulations - Large Cap,primary,Pharma - Domestic Formulations - Large Cap,
MANKIND,Pharma - Domestic Formulations - Large Cap,primary,Pharma - Domestic Formulations - Large Cap,
SUNPHARMA,Pharma - Domestic Formulations - Large Cap,primary,Pharma - Domestic Formulations - Large Cap,
TORNTPHARM,Pharma - Domestic Formulations - Large Cap,primary,Pharma - Domestic Formulations - Large Cap,
ABBOTINDIA,Pharma - Domestic Formulations - Mid Cap,primary,Pharma - Domestic Formulations - Mid Cap,
AJANTPHARM,Pharma - Domestic Formulations - Mid Cap,primary,Pharma - Domestic Formulations - Mid Cap,
CORONA,Pharma - Domestic Formulations - Mid Cap,primary,Pharma - Domestic Formulations - Mid Cap,
EMCURE,Pharma - Domestic Formulations - Mid Cap,primary,Pharma - Domestic Formulations - Mid Cap,
GLAXO,Pharma - Domestic Formulations - Mid Cap,primary,Pharma - Domestic Formulations - Mid Cap,
JBCHEPHARM,Pharma - Domestic Formulations - Mid Cap,primary,Pharma - Domestic Formulations - Mid Cap,
ERIS,Pharma - Domestic Formulations - Small Cap,primary,Pharma - Domestic Formulations - Small Cap,
FDC,Pharma - Domestic Formulations - Small Cap,primary,Pharma - Domestic Formulations - Small Cap,
PFIZER,Pharma - Domestic Formulations - Small Cap,primary,Pharma - Domestic Formulations - Small Cap,
PGHL,Pharma - Domestic Formulations - Small Cap,primary,Pharma - Domestic Formulations - Small Cap,
SANOFI,Pharma - Domestic Formulations - Small Cap,primary,Pharma - Domestic Formulations - Small Cap,
ZOTA,Pharma - Domestic Formulations - Small Cap,primary,Pharma - Domestic Formulations - Small Cap,
AUROPHARMA,Pharma - Export Generics - Large Cap,primary,Pharma - Export Generics - Large Cap,
BIOCON,Pharma - Export Generics - Large Cap,primary,Pharma - Export Generics - Large Cap,
DRREDDY,Pharma - Export Generics - Large Cap,primary,Pharma - Export Generics - Large Cap,
LUPIN,Pharma - Export Generics - Large Cap,primary,Pharma - Export Generics - Large Cap,
GLAND,Pharma - Export Generics - Large Cap,secondary,Pharma CDMO - Advanced Platforms,CDMO platform + injectables export cycle
GLENMARK,Pharma - Export Generics - Mid Cap,primary,Pharma - Export Generics - Mid Cap,
GRANULES,Pharma - Export Generics - Mid Cap,primary,Pharma - Export Generics - Mid Cap,
NATCOPHARM,Pharma - Export Generics - Mid Cap,primary,Pharma - Export Generics - Mid Cap,
WOCKPHARMA,Pharma - Export Generics - Mid Cap,primary,Pharma - Export Generics - Mid Cap,
ZYDUSLIFE,Pharma - Export Generics - Mid Cap,primary,Pharma - Export Generics - Mid Cap,
APLLTD,Pharma - Export Generics - Small Cap,primary,Pharma - Export Generics - Small Cap,
CAPLIPOINT,Pharma - Export Generics - Small Cap,primary,Pharma - Export Generics - Small Cap,
MARKSANS,Pharma - Export Generics - Small Cap,primary,Pharma - Export Generics - Small Cap,
STAR,Pharma - Export Generics - Small Cap,primary,Pharma - Export Generics - Small Cap,
AMRUTANJAN,Pharma - Specialty / Emerging,primary,Pharma - Specialty / Emerging,
ASTRAZEN,Pharma - Specialty / Emerging,primary,Pharma - Specialty / Emerging,
GUFICBIO,Pharma - Specialty / Emerging,primary,Pharma - Specialty / Emerging,
HIKAL,Pharma - Specialty / Emerging,primary,Pharma - Specialty / Emerging,
IPCALAB,Pharma - Specialty / Emerging,primary,Pharma - Specialty / Emerging,
JUBLINGREA,Pharma - Specialty / Emerging,primary,Pharma - Specialty / Emerging,
JUBLPHARMA,Pharma - Specialty / Emerging,primary,Pharma - Specialty / Emerging,
SPARC,Pharma - Specialty / Emerging,primary,Pharma - Specialty / Emerging,
PPLPHARMA,Pharma - Specialty / Emerging,secondary,Pharma CDMO - Advanced Platforms,CDMO platform + niche portfolio cycle
AARTIDRUGS,Pharma API & Intermediates,primary,Pharma API & Intermediates,
AARTIPHARM,Pharma API & Intermediates,primary,Pharma API & Intermediates,
ALIVUS,Pharma API & Intermediates,primary,Pharma API & Intermediates,
BLUEJET,Pharma API & Intermediates,primary,Pharma API & Intermediates,
NEULANDLAB,Pharma API & Intermediates,primary,Pharma API & Intermediates,
ORCHPHARMA,Pharma API & Intermediates,primary,Pharma API & Intermediates,
SHILPAMED,Pharma API & Intermediates,primary,Pharma API & Intermediates,
SMSPHARMA,Pharma API & Intermediates,primary,Pharma API & Intermediates,
SUDEEPPHRM,Pharma API & Intermediates,primary,Pharma API & Intermediates,
SUPRIYA,Pharma API & Intermediates,primary,Pharma API & Intermediates,
CONCORDBIO,Pharma API & Intermediates,secondary,Pharma CDMO - Advanced Platforms,CDMO platform + API fermentation demand cycle
DIVISLAB,Pharma API & Intermediates,secondary,Pharma CDMO - Advanced Platforms,CDMO platform + API/intermediates scale economics
LAURUSLABS,Pharma API & Intermediates,secondary,Pharma CDMO - Advanced Platforms,CDMO platform + API/intermediates cycle
ANTHEM,Pharma CDMO - Advanced Platforms,primary,Pharma CDMO - Advanced Platforms,
CONCORDBIO,Pharma CDMO - Advanced Platforms,primary,Pharma CDMO - Advanced Platforms,
DIVISLAB,Pharma CDMO - Advanced Platforms,primary,Pharma CDMO - Advanced Platforms,
GLAND,Pharma CDMO - Advanced Platforms,primary,Pharma CDMO - Advanced Platforms,
LAURUSLABS,Pharma CDMO - Advanced Platforms,primary,Pharma CDMO - Advanced Platforms,
PPLPHARMA,Pharma CDMO - Advanced Platforms,primary,Pharma CDMO - Advanced Platforms,
RUBICON,Pharma CDMO - Advanced Platforms,primary,Pharma CDMO - Advanced Platforms,
ACUTAAS,Pharma CDMO - Core Contract Manufacturing,primary,Pharma CDMO - Core Contract Manufacturing,
AKUMS,Pharma CDMO - Core Contract Manufacturing,primary,Pharma CDMO - Core Contract Manufacturing,
COHANCE,Pharma CDMO - Core Contract Manufacturing,primary,Pharma CDMO - Core Contract Manufacturing,
ONESOURCE,Pharma CDMO - Core Contract Manufacturing,primary,Pharma CDMO - Core Contract Manufacturing,
SAILIFE,Pharma CDMO - Core Contract Manufacturing,primary,Pharma CDMO - Core Contract Manufacturing,
SENORES,Pharma CDMO - Core Contract Manufacturing,primary,Pharma CDMO - Core Contract Manufacturing,
SYNGENE,Pharma CDMO - Core Contract Manufacturing,primary,Pharma CDMO - Core Contract Manufacturing,
WINDLAS,Pharma CDMO - Core Contract Manufacturing,primary,Pharma CDMO - Core Contract Manufacturing,
ANTHEM,Pharma CDMO - Core Contract Manufacturing,secondary,Pharma CDMO - Advanced Platforms,Advanced CDMO + core contract manufacturing overlap
RUBICON,Pharma CDMO - Core Contract Manufacturing,secondary,Pharma CDMO - Advanced Platforms,Advanced CDMO + core contract manufacturing overlap
ASTRAL,Plastic Products,primary,Plastic Products,
FINPIPE,Plastic Products,primary,Plastic Products,
KINGFA,Plastic Products,primary,Plastic Products,
NILKAMAL,Plastic Products,primary,Plastic Products,
PRINCEPIPE,Plastic Products,primary,Plastic Products,
XPROINDIA,Plastic Products,primary,Plastic Products,
STYRENIX,Plastics,primary,Plastics,
SUPREMEIND,Plastics,primary,Plastics,
TIMETECHNO,Plastics,primary,Plastics,
BAJEL,Power Equip - Grid & T&D,primary,Power Equip - Grid & T&D,
GVT&D,Power Equip - Grid & T&D,primary,Power Equip - Grid & T&D,
KEC,Power Equip - Grid & T&D,primary,Power Equip - Grid & T&D,
SCHNEIDER,Power Equip - Grid & T&D,primary,Power Equip - Grid & T&D,
SIEMENS,Power Equip - Grid & T&D,primary,Power Equip - Grid & T&D,
SKIPPER,Power Equip - Grid & T&D,primary,Power Equip - Grid & T&D,
TARIL,Power Equip - Grid & T&D,primary,Power Equip - Grid & T&D,
TDPOWERSYS,Power Equip - Grid & T&D,primary,Power Equip - Grid & T&D,
TRANSRAILL,Power Equip - Grid & T&D,primary,Power Equip - Grid & T&D,
VOLTAMP,Power Equip - Grid & T&D,primary,Power Equip - Grid & T&D,
ENRIN,Power Equip - Grid & T&D,secondary,Renewables & Energy Transition,Energy transition + grid equipment capex cycle
QPOWER,Power Equip - Grid & T&D,secondary,Renewables & Energy Transition,Energy transition + electrical equipment order cycle
TECHNOE,Power Equip - Grid & T&D,secondary,India Digital Stack - Data Center & Compute,Data center thesis + power infra EPC exposure
BHEL,Power Equip - Turbomachinery / Thermal,primary,Power Equip - Turbomachinery / Thermal,
KIRLOSENG,Power Equip - Turbomachinery / Thermal,primary,Power Equip - Turbomachinery / Thermal,
THERMAX,Power Equip - Turbomachinery / Thermal,primary,Power Equip - Turbomachinery / Thermal,
TRITURBINE,Power Equip - Turbomachinery / Thermal,primary,Power Equip - Turbomachinery / Thermal,
ABB,Power Equipment - Core OEMs,primary,Power Equipment - Core OEMs,
CGPOWER,Power Equipment - Core OEMs,primary,Power Equipment - Core OEMs,
POWERINDIA,Power Equipment - Core OEMs,primary,Power Equipment - Core OEMs,
JSWENERGY,Power Utilities - Generation & Renewables,primary,Power Utilities - Generation & Renewables,
TATAPOWER,Power Utilities - Generation & Renewables,primary,Power Utilities - Generation & Renewables,
ADANIPOWER,Power Utilities - Generation & Renewables,secondary,Adani Ecosystem,Adani ownership + power generation cycle
NTPCGREEN,Power Utilities - Generation & Renewables,secondary,Renewables & Energy Transition,Energy transition + renewable utility generation cycle
CESC,Power Utilities - Regulated / Transmission,primary,Power Utilities - Regulated / Transmission,
NHPC,Power Utilities - Regulated / Transmission,primary,Power Utilities - Regulated / Transmission,
NLCINDIA,Power Utilities - Regulated / Transmission,primary,Power Utilities - Regulated / Transmission,
POWERGRID,Power Utilities - Regulated / Transmission,primary,Power Utilities - Regulated / Transmission,
TORNTPOWER,Power Utilities - Regulated / Transmission,primary,Power Utilities - Regulated / Transmission,
ADANIENSOL,Power Utilities - Regulated / Transmission,secondary,Adani Ecosystem,Adani ownership + power transmission utility cycle
PTC,Power Utilities - Trading / Mixed,primary,Power Utilities - Trading / Mixed,
JSWENERGY,Power Utilities - Trading / Mixed,secondary,Power Utilities - Generation & Renewables,Integrated power platform with mixed merchant dynamics.
TATAPOWER,Power Utilities - Trading / Mixed,secondary,Power Utilities - Generation & Renewables,Integrated utility profile includes merchant/trading exposure.
ADVENZYMES,Process Inputs & Industrial Chemicals,primary,Process Inputs & Industrial Chemicals,
ELLEN,Process Inputs & Industrial Chemicals,primary,Process Inputs & Industrial Chemicals,
FOSECOIND,Process Inputs & Industrial Chemicals,primary,Process Inputs & Industrial Chemicals,
LINDEINDIA,Process Inputs & Industrial Chemicals,primary,Process Inputs & Industrial Chemicals,
RAIN,Process Inputs & Industrial Chemicals,primary,Process Inputs & Industrial Chemicals,
SPLPETRO,Process Inputs & Industrial Chemicals,primary,Process Inputs & Industrial Chemicals,
DEVYANI,Quick Service Restaurants,primary,Quick Service Restaurants,
JUBLFOOD,Quick Service Restaurants,primary,Quick Service Restaurants,
RBA,Quick Service Restaurants,primary,Quick Service Restaurants,
SAPPHIRE,Quick Service Restaurants,primary,Quick Service Restaurants,
WESTLIFE,Quick Service Restaurants,primary,Quick Service Restaurants,
TRAVELFOOD,Quick Service Restaurants,secondary,Tourism Ecosystem - Mobility & Hospitality,Tourism ecosystem + airport F&B throughput
GMDCLTD,Rare Earth,primary,Rare Earth,
HINDCOPPER,Rare Earth,secondary,Base Metals & Mining,Critical minerals basket proxy alongside niche mineral names.
MOIL,Rare Earth,secondary,Mining,Critical mineral mining proxy for strategic-minerals bucket.
MAHLIFE,Real Estate - Commercial / Leasing,primary,Real Estate - Commercial / Leasing,
MAXESTATES,Real Estate - Commercial / Leasing,primary,Real Estate - Commercial / Leasing,
NESCO,Real Estate - Commercial / Leasing,primary,Real Estate - Commercial / Leasing,
SWANCORP,Real Estate - Commercial / Leasing,primary,Real Estate - Commercial / Leasing,
ANANTRAJ,Real Estate - Commercial / Leasing,secondary,India Digital Stack - Data Center & Compute,Data center thesis + land/lease economics
AWFIS,Real Estate - Commercial / Leasing,secondary,Flexible Workspaces & Office Platforms,Workspace model + office absorption cycle
INDIQUBE,Real Estate - Commercial / Leasing,secondary,Flexible Workspaces & Office Platforms,Workspace model + office absorption cycle
PHOENIXLTD,Real Estate - Commercial / Leasing,secondary,Luxury Retail & Premium Consumption,Premium consumption + mall leasing/footfall cycle
SMARTWORKS,Real Estate - Commercial / Leasing,secondary,Flexible Workspaces & Office Platforms,Workspace model + office absorption cycle
WEWORK,Real Estate - Commercial / Leasing,secondary,Flexible Workspaces & Office Platforms,Workspace model + office absorption cycle
DLF,Real Estate - Residential Developers - Large Cap,primary,Real Estate - Residential Developers - Large Cap,
GODREJPROP,Real Estate - Residential Developers - Large Cap,primary,Real Estate - Residential Developers - Large Cap,
LODHA,Real Estate - Residential Developers - Large Cap,primary,Real Estate - Residential Developers - Large Cap,
PRESTIGE,Real Estate - Residential Developers - Large Cap,primary,Real Estate - Residential Developers - Large Cap,
BRIGADE,Real Estate - Residential Developers - Mid Cap,primary,Real Estate - Residential Developers - Mid Cap,
LOTUSDEV,Real Estate - Residential Developers - Mid Cap,primary,Real Estate - Residential Developers - Mid Cap,
MARATHON,Real Estate - Residential Developers - Mid Cap,primary,Real Estate - Residential Developers - Mid Cap,
OBEROIRLTY,Real Estate - Residential Developers - Mid Cap,primary,Real Estate - Residential Developers - Mid Cap,
RAYMONDREL,Real Estate - Residential Developers - Mid Cap,primary,Real Estate - Residential Developers - Mid Cap,
SOBHA,Real Estate - Residential Developers - Mid Cap,primary,Real Estate - Residential Developers - Mid Cap,
TARC,Real Estate - Residential Developers - Mid Cap,primary,Real Estate - Residential Developers - Mid Cap,
ABREL,Real Estate - Residential Developers - Small Cap,primary,Real Estate - Residential Developers - Small Cap,
ARVSMART,Real Estate - Residential Developers - Small Cap,primary,Real Estate - Residential Developers - Small Cap,
SHRIRAMPPS,Real Estate - Residential Developers - Small Cap,primary,Real Estate - Residential Developers - Small Cap,
SIGNATURE,Real Estate - Residential Developers - Small Cap,primary,Real Estate - Residential Developers - Small Cap,
GRAVITA,Recyclers,primary,Recyclers,
JAINREC,Recyclers,primary,Recyclers,
POCL,Recyclers,primary,Recyclers,
BPCL,Refineries/Petro-Products,primary,Refineries/Petro-Products,
CHENNPETRO,Refineries/Petro-Products,primary,Refineries/Petro-Products,
HINDPETRO,Refineries/Petro-Products,primary,Refineries/Petro-Products,
MRPL,Refineries/Petro-Products,primary,Refineries/Petro-Products,
RELIANCE,Refineries/Petro-Products,primary,Refineries/Petro-Products,
SOTL,Refineries/Petro-Products,primary,Refineries/Petro-Products,
ACMESOLAR,Renewables & Energy Transition,primary,Renewables & Energy Transition,
EMMVEE,Renewables & Energy Transition,primary,Renewables & Energy Transition,
ENRIN,Renewables & Energy Transition,primary,Renewables & Energy Transition,
NTPCGREEN,Renewables & Energy Transition,primary,Renewables & Energy Transition,
QPOWER,Renewables & Energy Transition,primary,Renewables & Energy Transition,
SAATVIKGL,Renewables & Energy Transition,primary,Renewables & Energy Transition,
SUZLON,Renewables & Energy Transition,primary,Renewables & Energy Transition,
TRUALT,Renewables & Energy Transition,primary,Renewables & Energy Transition,
ADANIGREEN,Renewables & Energy Transition,secondary,Adani Ecosystem,Adani ownership + renewable generation cycle
PREMIERENE,Renewables - Solar,primary,Renewables - Solar,
VIKRAMSOLR,Renewables - Solar,primary,Renewables - Solar,
WAAREEENER,Renewables - Solar,primary,Renewables - Solar,
ACMESOLAR,Renewables - Solar,secondary,Renewables & Energy Transition,Energy transition + utility solar execution cycle
EMMVEE,Renewables - Solar,secondary,Renewables & Energy Transition,Energy transition + solar module manufacturing cycle
SAATVIKGL,Renewables - Solar,secondary,Renewables & Energy Transition,Energy transition + solar module manufacturing cycle
INOXGREEN,Renewables - Wind,primary,Renewables - Wind,
INOXWIND,Renewables - Wind,primary,Renewables - Wind,
SUZLON,Renewables - Wind,secondary,Renewables & Energy Transition,Energy transition + wind turbine order cycle
GESHIP,Shipping,primary,Shipping,
GPPL,Shipping,secondary,Infra Buildout - Ports & Maritime,Ports and coastal cargo throughput links to shipping cycle.
JSWINFRA,Shipping,secondary,Infra Buildout - Ports & Maritime,Port operations are highly correlated with shipping throughput.
FLUOROCHEM,Specialty Chem - Fluoro & Refrigerants,primary,Specialty Chem - Fluoro & Refrigerants,
NAVINFLUOR,Specialty Chem - Fluoro & Refrigerants,primary,Specialty Chem - Fluoro & Refrigerants,
SRF,Specialty Chem - Fluoro & Refrigerants,primary,Specialty Chem - Fluoro & Refrigerants,
TATVA,Specialty Chem - Fluoro & Refrigerants,primary,Specialty Chem - Fluoro & Refrigerants,
VINATIORGA,Specialty Chem - Fluoro & Refrigerants,primary,Specialty Chem - Fluoro & Refrigerants,
AARTIIND,Specialty Chem - Intermediates & Agro,primary,Specialty Chem - Intermediates & Agro,
AETHER,Specialty Chem - Intermediates & Agro,primary,Specialty Chem - Intermediates & Agro,
ATUL,Specialty Chem - Intermediates & Agro,primary,Specialty Chem - Intermediates & Agro,
DCMSHRIRAM,Specialty Chem - Intermediates & Agro,primary,Specialty Chem - Intermediates & Agro,
EPIGRAL,Specialty Chem - Intermediates & Agro,primary,Specialty Chem - Intermediates & Agro,
PIIND,Specialty Chem - Intermediates & Agro,primary,Specialty Chem - Intermediates & Agro,
VISHNU,Specialty Chem - Intermediates & Agro,primary,Specialty Chem - Intermediates & Agro,
BASF,Specialty Chem - Materials & Formulations,primary,Specialty Chem - Materials & Formulations,
CHEMPLASTS,Specialty Chem - Materials & Formulations,primary,Specialty Chem - Materials & Formulations,
CLEAN,Specialty Chem - Materials & Formulations,primary,Specialty Chem - Materials & Formulations,
FINEORG,Specialty Chem - Materials & Formulations,primary,Specialty Chem - Materials & Formulations,
GALAXYSURF,Specialty Chem - Materials & Formulations,primary,Specialty Chem - Materials & Formulations,
NEOGEN,Specialty Chem - Materials & Formulations,primary,Specialty Chem - Materials & Formulations,
PIDILITIND,Specialty Chem - Materials & Formulations,primary,Specialty Chem - Materials & Formulations,
PRIVISCL,Specialty Chem - Materials & Formulations,primary,Specialty Chem - Materials & Formulations,
SUDARSCHEM,Specialty Chem - Materials & Formulations,primary,Specialty Chem - Materials & Formulations,
DOMS,Stationery & Writing Instruments,primary,Stationery & Writing Instruments,
FLAIR,Stationery & Writing Instruments,primary,Stationery & Writing Instruments,
JKPAPER,Stationery & Writing Instruments,secondary,Paper & Paper Products,Paper substrate demand is upstream-linked to stationery cycle.
JINDALSTEL,Steel,primary,Steel,
JSWSTEEL,Steel,primary,Steel,
SAIL,Steel,primary,Steel,
TATASTEEL,Steel,primary,Steel,
PENIND,Steel - Pipes & Tubes,primary,Steel - Pipes & Tubes,
RATNAMANI,Steel - Pipes & Tubes,primary,Steel - Pipes & Tubes,
SAMBHV,Steel - Pipes & Tubes,primary,Steel - Pipes & Tubes,
SURYAROSNI,Steel - Pipes & Tubes,primary,Steel - Pipes & Tubes,
VENUSPIPES,Steel - Pipes & Tubes,primary,Steel - Pipes & Tubes,
WELCORP,Steel - Pipes & Tubes,primary,Steel - Pipes & Tubes,
GALLANTT,Steel - Primary / Long Products,primary,Steel - Primary / Long Products,
GPIL,Steel - Primary / Long Products,primary,Steel - Primary / Long Products,
HITECH,Steel - Primary / Long Products,primary,Steel - Primary / Long Products,
IMFA,Steel - Primary / Long Products,primary,Steel - Primary / Long Products,
KIRLFER,Steel - Primary / Long Products,primary,Steel - Primary / Long Products,
KSL,Steel - Primary / Long Products,primary,Steel - Primary / Long Products,
NSLNISP,Steel - Primary / Long Products,primary,Steel - Primary / Long Products,
TIIL,Steel - Primary / Long Products,primary,Steel - Primary / Long Products,
JSL,Steel - Stainless / Specialty,primary,Steel - Stainless / Specialty,
MAHSEAMLES,Steel - Stainless / Specialty,primary,Steel - Stainless / Specialty,
MIDHANI,Steel - Stainless / Specialty,primary,Steel - Stainless / Specialty,
BALRAMCHIN,Sugar & Bioenergy,primary,Sugar & Bioenergy,
EIDPARRY,Sugar & Bioenergy,primary,Sugar & Bioenergy,
TRIVENI,Sugar & Bioenergy,primary,Sugar & Bioenergy,
TRUALT,Sugar & Bioenergy,secondary,Renewables & Energy Transition,Energy transition + ethanol/bioenergy economics
INDUSTOWER,Telecom Operators & Tower Infra,primary,Telecom Operators & Tower Infra,
TATACOMM,Telecom Operators & Tower Infra,primary,Telecom Operators & Tower Infra,
BHARTIARTL,Telecom Operators & Tower Infra,secondary,India Digital Stack - Connectivity & Infra,Digital stack + telecom operator coverage
BHARTIHEXA,Telecom Operators & Tower Infra,secondary,India Digital Stack - Connectivity & Infra,Digital stack + telecom operator coverage
IDEA,Telecom Operators & Tower Infra,secondary,India Digital Stack - Connectivity & Infra,Digital stack + telecom operator coverage
RAILTEL,Telecom Operators & Tower Infra,secondary,India Digital Stack - Connectivity & Infra,Digital stack + telecom infra operator coverage
ARVIND,Textiles,primary,Textiles,
FILATEX,Textiles,primary,Textiles,
GARFIBRES,Textiles,primary,Textiles,
GOKEX,Textiles,primary,Textiles,
ICIL,Textiles,primary,Textiles,
KPRMILL,Textiles,primary,Textiles,
MAYURUNIQ,Textiles,primary,Textiles,
NITINSPIN,Textiles,primary,Textiles,
PGIL,Textiles,primary,Textiles,
SANATHAN,Textiles,primary,Textiles,
VTL,Textiles,primary,Textiles,
COALINDIA,Thermal Power,primary,Thermal Power,
NTPC,Thermal Power,primary,Thermal Power,
TORNTPOWER,Thermal Power,secondary,Power Utilities - Regulated / Transmission,Conventional thermal mix provides rough fit for thermal basket.
GODFRYPHLP,Tobacco & Nicotine,primary,Tobacco & Nicotine,
ITC,Tobacco & Nicotine,primary,Tobacco & Nicotine,
VSTIND,Tobacco & Nicotine,primary,Tobacco & Nicotine,
IRCTC,Tourism Ecosystem - Discovery & Booking,primary,Tourism Ecosystem - Discovery & Booking,
IXIGO,Tourism Ecosystem - Discovery & Booking,primary,Tourism Ecosystem - Discovery & Booking,
TBOTEK,Tourism Ecosystem - Discovery & Booking,primary,Tourism Ecosystem - Discovery & Booking,
THOMASCOOK,Tourism Ecosystem - Discovery & Booking,primary,Tourism Ecosystem - Discovery & Booking,
YATRA,Tourism Ecosystem - Discovery & Booking,primary,Tourism Ecosystem - Discovery & Booking,
BRIGHOTEL,Tourism Ecosystem - Mobility & Hospitality,primary,Tourism Ecosystem - Mobility & Hospitality,
GMRAIRPORT,Tourism Ecosystem - Mobility & Hospitality,primary,Tourism Ecosystem - Mobility & Hospitality,
INDIGO,Tourism Ecosystem - Mobility & Hospitality,primary,Tourism Ecosystem - Mobility & Hospitality,
ITCHOTELS,Tourism Ecosystem - Mobility & Hospitality,primary,Tourism Ecosystem - Mobility & Hospitality,
JUNIPER,Tourism Ecosystem - Mobility & Hospitality,primary,Tourism Ecosystem - Mobility & Hospitality,
SPICEJET,Tourism Ecosystem - Mobility & Hospitality,primary,Tourism Ecosystem - Mobility & Hospitality,
THELEELA,Tourism Ecosystem - Mobility & Hospitality,primary,Tourism Ecosystem - Mobility & Hospitality,
TRAVELFOOD,Tourism Ecosystem - Mobility & Hospitality,primary,Tourism Ecosystem - Mobility & Hospitality,
THOMASCOOK,Tourism Ecosystem - Mobility & Hospitality,secondary,Tourism Ecosystem - Discovery & Booking,Travel booking + packaged travel operations
APOLLOTYRE,Tyres & Rubber,primary,Tyres & Rubber,
BALKRISIND,Tyres & Rubber,primary,Tyres & Rubber,
CEATLTD,Tyres & Rubber,primary,Tyres & Rubber,
JKTYRE,Tyres & Rubber,primary,Tyres & Rubber,
MRF,Tyres & Rubber,primary,Tyres & Rubber,
GAIL,Utilities (non-Power),primary,Utilities (non-Power),
GSPL,Utilities (non-Power),primary,Utilities (non-Power),
GUJGASLTD,Utilities (non-Power),primary,Utilities (non-Power),
IGL,Utilities (non-Power),primary,Utilities (non-Power),
MGL,Utilities (non-Power),primary,Utilities (non-Power),
IONEXCHANG,Water & Environmental Utilities,primary,Water & Environmental Utilities,
WABAG,Water & Environmental Utilities,primary,Water & Environmental Utilities,
KIRLOSBROS,Water & Environmental Utilities,secondary,Industrial Machinery - Capital Goods,Pump/process equipment is core to water infra projects.
KSB,Water & Environmental Utilities,secondary,Industrial Machinery - Capital Goods,Water-pump and fluid handling exposure aligns with water utilities.
NIITMTS,Workforce & Outsourced Services,primary,Workforce & Outsourced Services,
SIS,Workforce & Outsourced Services,primary,Workforce & Outsourced Services,
TEAMLEASE,Workforce & Outsourced Services,primary,Workforce & Outsourced Services,
